Review_ID,Cus_ID,Pro_ID,Rating,Comment,Review_Date
REV0001,C0650,P0115,,El 7agat etewsla 3ala 7alaha,2023-05-23
REV0002,C0089,P0600,1.0,El 7agat etewsla 3ala 7alaha,2024-06-01
REV0003,C0713,P0555,4.0,Montag momtaz w sa3ro monaseb,2023-06-13
REV0004,C0776,P0344,4.0,El 7aga etewslat wa2taha,2024-09-10
REV0005,C0126,P0386,3.0,El sa3r mo3taghal,2024-08-14
REV0006,C0785,P0296,2.0,El montag 3amali,2023-10-12
REV0007,C0365,P0214,1.0,Mumtaz 3ala kol 7aja,2024-06-30
REV0008,C0651,P0566,3.0,Jo3a al3ab 3andhom,2023-08-23
REV0009,C0067,P0216,5.0,3ajaba el khedma gedan,2023-08-06
REV0010,C0466,P0146,2.0,El montag 3amali gedan,2023-09-27
REV0011,C0372,P0224,2.0,El soora ghayr mowafqa lil montag,2023-02-18
REV0012,C0691,P0430,4.0,El montag mesh sha8al,2024-06-25
REV0013,C0691,P0118,5.0,El soora mesh zay eny shofta,2023-04-25
REV0013,C0691,P0118,5.0,El soora mesh zay eny shofta,2023-04-25
REV0014,C0734,P0269,2.0,Sa3r tamam,2024-10-02
REV0015,C0155,P0381,5.0,El sa3r mesh monaseb,2023-01-01
REV0016,C0373,P0314,2.0,El soora ghayr mowafqa lil montag,2023-03-29
REV0017,C0543,P0129,4.0,Mumtaz 3ala kol 7aja,2023-09-29
REV0018,C0550,P0205,4.0,El sa3r mo3taghal,2024-03-24
REV0019,C0065,P0346,,El 7agat etewsla 3ala 7alaha,2023-01-08
REV0020,C0033,P0338,2.0,El tawseel momtaz,2023-08-08
REV0021,C0587,P0482,4.0,3ajaba el khedma,2023-04-07
REV0022,C0475,P0055,1.0,El soora mesh zay eny shofta,2023-04-22
REV0023,C0431,P0187,2.0,Khedma tawil ya jama3a,2024-03-29
REV0024,C0662,P0550,1.0,Sa3r akw men el market,2023-06-20
REV0025,C0060,P0167,4.0,El montag mesh sha8al,2023-10-20
REV0026,C0567,P0496,3.0,Jo3a al3ab 3andhom,2024-08-16
REV0027,C0051,P0594,5.0,El 7aga etewslat bel seh,2023-03-24
REV0028,C0240,P0412,5.0,Mesh zay el wasf,2024-09-26
REV0029,C0325,P0267,3.0,El khedma momtaza,2023-05-15
REV0030,C0764,P0074,,Sa3r tamam,2023-03-17
REV0031,C0359,P0070,3.0,3ajaba el 3ala,2024-07-10
REV0032,C0664,P0539,,El 7aga zabarta 3amali,2024-11-10
REV0033,C0108,P0562,3.0,El soora mesh zay eny shofta,2023-07-28
REV0034,C0258,P0052,4.0,Mesh zay el wasf,2023-01-04
REV0035,C0164,P0450,4.0,Tawseel sarie3 gedan,2023-03-19
REV0036,C0037,P0377,2.0,Mesh zay el wasf,2023-11-12
REV0037,C0041,P0365,2.0,El 7aga etewslat wa2taha,2024-07-27
REV0038,C0157,P0242,2.0,El tawseel kan bta2,2023-07-03
REV0039,C0680,P0254,1.0,Mesh zay el wasf,2024-04-26
REV0040,C0314,P0233,2.0,El khedma ra2e3a awy,2023-03-13
REV0041,C0408,P0546,1.0,El montag mesh kwayes,2023-07-02
REV0042,C0607,P0442,3.0,El 7aga etewslat bel seh,2023-04-29
REV0043,C0720,P0444,,El montag 3amali gedan,2024-12-04
REV0044,C0373,P0439,3.0,Tawseel sarie3 gedan,2023-11-04
REV0045,C0708,P0302,2.0,El montag 3amali,2024-11-24
REV0046,C0414,P0558,3.0,El 7aga zabarta gedan,2024-08-16
REV0047,C0686,P0218,2.0,El tawseel 3alat basha,2024-06-11
REV0048,C0764,P0240,2.0,La2 ma3qool,2023-01-26
REV0049,C0780,P0074,5.0,El montag 3amali,2024-05-21
REV0050,C0763,P0110,2.0,El sa3r mesh monaseb,2024-04-20
REV0051,C0464,P0136,5.0,3ajaba el khedma gedan,2024-03-29
REV0052,C0559,P0454,4.0,Sa3r akw men el market,2024-10-14
REV0053,C0244,P0281,3.0,El soora mesh zay eny shofta,2023-11-24
REV0054,C0392,P0155,1.0,El soora mesh zay eny shofta,2024-07-09
REV0055,C0398,P0594,1.0,EL MONTAG 3AMALI,2024-05-03
REV0056,C0766,P0398,4.0,El montag 3amali gedan,2024-09-09
REV0057,C0494,P0029,4.0,El montag mesh sha8al,2023-05-11
REV0058,C0603,P0573,1.0,El 3ala 7abeby,2024-04-17
REV0059,C0462,P0334,4.0,El tawseel kan fe wa2t,2023-09-16
REV0060,C0053,P0357,1.0,Mesh zay el wasf,2023-02-01
REV0061,C0155,P0244,1.0,Mesh ha2khudha tany,2024-04-21
REV0062,C0618,P0118,2.0,SA3R TAMAM,2024-08-15
REV0063,C0688,P0383,2.0,Sa3r akw men el market,2023-04-15
REV0064,C0122,P0575,3.0,El sa3r mo3taghal,2023-03-12
REV0065,C0498,P0109,3.0,El montag mesh sha8al,2024-12-25
REV0066,C0662,P0276,5.0,El montag mesh sha8al,2024-03-22
REV0067,C0252,P0088,4.0,El montag mesh sha8al,2024-08-06
REV0068,C0334,P0186,3.0,El soora mesh zay eny shofta,2023-10-14
REV0069,C0011,P0527,1.0,El tawseel kan fe wa2t,2024-05-15
REV0070,C0723,P0500,1.0,El 7agat etewsla 3ala 7alaha,2024-02-19
REV0071,C0481,P0562,4.0,El khedma momtaza gedan,2023-12-05
REV0072,C0236,P0124,3.0,El montag 3amali gedan,2024-12-07
REV0073,C0736,P0599,5.0,Sa3r tamam,2023-07-18
REV0074,C0720,P0543,1.0,El khedma momtaza gedan,2023-10-27
REV0075,C0499,P0105,5.0,El khedma 3amali awy,2024-03-27
REV0076,C0486,P0117,4.0,Jo3a al3ab 3andhom,2023-06-05
REV0077,C0255,P0122,4.0,El 7agat etewsla 3ala 7alaha,2024-06-19
REV0078,C0599,P0437,5.0,Sa3r tamam,2023-08-01
REV0079,C0245,P0176,2.0,,2024-04-06
REV0080,C0478,P0298,,El tawseel 3alat basha,2024-12-20
REV0081,C0271,P0599,2.0,El montag 3amali gedan,2023-08-19
REV0082,C0073,P0061,3.0,El tawseel 3alat basha,2024-03-25
REV0083,C0279,P0510,4.0,Mesh zay el wasf,2024-03-18
REV0084,C0234,P0585,1.0,El khedma ra2e3a awy,2024-08-13
REV0085,C0662,P0450,2.0,El 7aga zabarta gedan,2024-10-12
REV0086,C0417,P0341,1.0,El soora mesh zay eny shofta,2024-02-26
REV0087,C0773,P0560,,El montag mesh kwayes,2023-11-28
REV0088,C0002,P0552,1.0,El sa3r mo3taghal,2024-09-29
REV0089,C0207,P0273,3.0,EL TAWSEEL MOMTAZ,2023-05-05
REV0090,C0245,P0161,1.0,El soora ghayr mowafqa lil montag,2023-08-19
REV0091,C0119,P0156,3.0,El khedma ra2e3a awy,2024-03-01
REV0092,C0562,P0148,5.0,El 3ala 7abeby,2023-03-13
REV0093,C0800,P0517,1.0,El 7aga zabarta 3amali,2024-08-24
REV0094,C0454,P0548,3.0,El montag 3amali gedan,2024-01-22
REV0095,C0709,P0244,2.0,El tawseel kan fe wa2t,2023-02-14
REV0096,C0390,P0394,2.0,Mesh zay el wasf,2023-05-10
REV0097,C0447,P0102,4.0,,2023-05-28
REV0098,C0665,P0157,3.0,El khedma momtaza,2024-10-27
REV0099,C0544,P0388,4.0,Mesh zay el wasf,2024-09-24
REV0100,C0232,P0092,1.0,Sa3r tamam,2024-03-30
REV0101,C0334,P0057,3.0,Sa3r akw men el market,2024-06-27
REV0102,C0178,P0080,4.0,Sa3r akw men el market,2024-05-24
REV0103,C0261,P0468,1.0,El montag mesh sha8al,2023-10-22
REV0104,C0355,P0597,4.0,El montag mesh sha8al,2023-11-06
REV0105,C0242,P0389,5.0,El tawseel 3alat basha,2023-01-23
REV0106,C0576,P0050,4.0,El tawseel 3alat basha,2023-08-24
REV0107,C0632,P0256,2.0,Mesh zay el wasf,2023-11-13
REV0108,C0133,P0092,3.0,El 7agat etewsalet kamla,2023-07-25
REV0109,C0541,P0511,2.0,El khedma 3amali awy,2023-10-30
REV0110,C0077,P0144,2.0,El khedma momtaza,2024-07-24
REV0110,C0077,P0144,2.0,El khedma momtaza,2024-07-24
REV0111,C0547,P0127,3.0,El sa3r mo3taghal,2023-04-21
REV0112,C0571,P0335,2.0,El montag mesh sha8al,2024-12-18
REV0113,C0039,P0311,1.0,El montag 3amali gedan,2023-05-19
REV0114,C0708,P0550,2.0,Sa3r tamam,2024-05-16
REV0115,C0701,P0378,4.0,El sa3r mo3taghal,2023-04-12
REV0116,C0656,P0366,3.0,Tawseel sarie3 gedan,2024-04-10
REV0117,C0022,P0051,2.0,Mesh ha2khudha tany,2023-03-12
REV0118,C0238,P0336,5.0,,2023-05-29
REV0119,C0551,P0256,1.0,EL TAWSEEL KAN BTA2,2023-05-15
REV0120,C0243,P0598,2.0,El 3ala 7abeby,2024-03-07
REV0121,C0790,P0369,1.0,El 7agat etewsla 3ala 7alaha,2024-09-21
REV0122,C0530,P0308,1.0,El khedma 3amali awy,2024-02-16
REV0123,C0451,P0075,3.0,Khedma tawil ya jama3a,2023-05-10
REV0124,C0334,P0389,5.0,El 7aga etewslat bel seh,2024-09-11
REV0125,C0665,P0560,2.0,El 7agat etewsla 3ala 7alaha,2024-02-28
REV0126,C0096,P0320,3.0,La2 ma3qool,2024-12-04
REV0127,C0094,P0440,3.0,El khedma momtaza gedan,2023-03-03
REV0128,C0124,P0419,4.0,Jo3a al3ab 3andhom,2023-10-22
REV0129,C0216,P0157,2.0,El 7aga etewslat wa2taha,2024-07-23
REV0130,C0437,P0570,5.0,El khedma momtaza gedan,2023-01-27
REV0131,C0030,P0184,3.0,El 7aga etewslat wa2taha,2023-01-07
REV0132,C0071,P0145,1.0,El sa3r mesh monaseb,2023-08-09
REV0133,C0321,P0332,5.0,Jo3a al3ab 3andhom,2023-06-09
REV0134,C0279,P0451,4.0,El tawseel kan fe wa2t,2023-10-07
REV0135,C0112,P0290,5.0,El 7aga zabarta 3amali,2023-02-16
REV0136,C0208,P0308,2.0,El tawseel 3alat basha,2023-12-02
REV0137,C0131,P0388,2.0,El 7aga etewslat wa2taha,2023-03-15
REV0138,C0467,P0079,5.0,El khedma momtaza,2024-12-27
REV0139,C0334,P0174,5.0,El sa3r mo3taghal,2023-04-01
REV0140,C0409,P0534,3.0,El 7agat etewsla 3ala 7alaha,2023-12-08
REV0141,C0541,P0520,3.0,La2 ma3qool,2023-08-30
REV0142,C0155,P0077,4.0,3ajaba el 3ala,2024-11-28
REV0143,C0636,P0330,3.0,Khedma tawil ya jama3a,2024-04-25
REV0144,C0057,P0359,3.0,Mesh zay el wasf,2023-02-28
REV0145,C0091,P0517,5.0,Mesh zay el wasf,2024-04-05
REV0146,C0616,P0485,1.0,El soora mesh zay eny shofta,2023-03-28
REV0147,C0445,P0447,5.0,El sa3r mo3taghal,2023-10-17
REV0148,C0053,P0342,1.0,El montag 3amali,2023-10-18
REV0149,C0614,P0152,5.0,El 7aga etewslat wa2taha,2023-11-14
REV0150,C0606,P0086,4.0,El soora mesh zay eny shofta,2023-05-11
REV0151,C0696,P0537,4.0,El tawseel kan bta2,2024-01-07
REV0152,C0779,P0495,2.0,El tawseel 3alat basha,2023-04-14
REV0153,C0537,P0038,5.0,El montag 3amali,2023-06-07
REV0154,C0168,P0446,,Sa3r akw men el market,2024-03-30
REV0155,C0239,P0543,4.0,3ajaba el khedma,2024-01-12
REV0156,C0781,P0288,5.0,Mumtaz 3ala kol 7aja,2023-07-24
REV0157,C0652,P0490,5.0,El sa3r mesh monaseb,2023-05-08
REV0158,C0522,P0149,1.0,El 7agat etewsla 3ala 7alaha,2024-04-06
REV0159,C0404,P0512,4.0,EL SA3R MO3TAGHAL,2023-08-18
REV0160,C0726,P0343,2.0,,2024-04-28
REV0161,C0141,P0478,1.0,El tawseel kan bta2,2023-09-20
REV0162,C0620,P0538,3.0,Tawseel sarie3 gedan,2023-02-18
REV0163,C0064,P0114,4.0,El tawseel kan bta2,2024-10-09
REV0164,C0437,P0002,2.0,El 7agat etewsalet kamla,2024-11-11
REV0165,C0536,P0554,5.0,El montag 3amali,2024-04-26
REV0166,C0760,P0018,1.0,Sa3r tamam,2024-08-18
REV0167,C0557,P0346,2.0,El montag mesh sha8al,2024-12-13
REV0168,C0728,P0466,,3ajaba el khedma,2023-02-12
REV0169,C0554,P0482,2.0,Jo3a al3ab 3andhom,2024-11-02
REV0170,C0408,P0448,4.0,El 7agat etewsalet kamla,2024-05-23
REV0171,C0274,P0084,1.0,El 7agat etewsalet kamla,2024-07-12
REV0172,C0304,P0313,4.0,3ajaba el 3ala,2023-12-26
REV0173,C0626,P0443,1.0,El khedma momtaza,2024-01-08
REV0174,C0032,P0146,4.0,,2023-03-10
REV0175,C0656,P0374,5.0,,2023-06-07
REV0176,C0379,P0379,1.0,El sa3r mesh monaseb,2024-01-11
REV0177,C0115,P0026,4.0,El khedma momtaza gedan,2023-05-01
REV0178,C0623,P0292,4.0,El 3ala 7abeby,2023-03-17
REV0179,C0089,P0327,1.0,El tawseel 3alat basha,2023-11-04
REV0180,C0649,P0177,5.0,3ajaba el khedma,2023-05-23
REV0181,C0583,P0376,5.0,El soora ghayr mowafqa lil montag,2023-03-09
REV0182,C0536,P0419,5.0,3ajaba el khedma gedan,2024-10-19
REV0183,C0130,P0560,2.0,El 3ala 7abeby,2024-03-19
REV0184,C0527,P0155,2.0,El 7agat etewsla 3ala 7alaha,2023-12-21
REV0185,C0080,P0256,5.0,El 7aga zabarta 3amali,2024-09-21
REV0186,C0591,P0156,5.0,El soora mesh zay eny shofta,2024-07-31
REV0187,C0652,P0586,2.0,El tawseel kan fe wa2t,2024-09-24
REV0188,C0298,P0309,4.0,Khedma tawil ya jama3a,2024-12-06
REV0189,C0207,P0348,3.0,3ajaba el khedma gedan,2023-12-20
REV0190,C0572,P0109,4.0,3ajaba el 3ala,2023-09-11
REV0191,C0627,P0426,2.0,3ajaba el khedma gedan,2023-07-14
REV0192,C0507,P0315,1.0,El 7aga etewslat bel seh,2024-04-13
REV0193,C0051,P0288,4.0,Montag momtaz w sa3ro monaseb,2023-04-21
REV0194,C0777,P0411,4.0,El khedma momtaza gedan,2023-07-19
REV0195,C0458,P0560,5.0,Tawseel sarie3 gedan,2023-05-12
REV0196,C0349,P0567,2.0,El 7aga etewslat bel seh,2024-02-16
REV0197,C0343,P0483,2.0,El 7aga etewslat bel seh,2023-05-24
REV0198,C0628,P0306,5.0,El montag 3amali gedan,2024-05-16
REV0199,C0377,P0339,4.0,El tawseel kan bta2,2024-09-03
REV0200,C0788,P0588,1.0,Mumtaz 3ala kol 7aja,2024-06-20
REV0201,C0150,P0248,,TAWSEEL SARIE3 GEDAN,2023-07-15
REV0202,C0154,P0421,4.0,El khedma 3amali awy,2023-03-05
REV0203,C0673,P0487,3.0,El montag mesh sha8al,2024-06-29
REV0204,C0733,P0270,2.0,El khedma ra2e3a awy,2024-07-25
REV0205,C0783,P0295,4.0,El 7aga etewslat wa2taha,2024-07-27
REV0206,C0123,P0583,4.0,El khedma momtaza,2023-12-20
REV0207,C0296,P0080,4.0,El khedma 3amali awy,2023-08-08
REV0208,C0707,P0278,5.0,Sa3r akw men el market,2023-09-06
REV0209,C0238,P0053,3.0,sa3r tamam,2024-11-28
REV0210,C0160,P0415,4.0,3ajaba el khedma,2023-10-22
REV0211,C0090,P0583,1.0,El 7agat etewsalet kamla,2024-03-03
REV0212,C0405,P0505,3.0,Montag momtaz w sa3ro monaseb,2023-11-02
REV0213,C0293,P0463,5.0,El 3ala 7abeby,2024-05-31
REV0214,C0165,P0467,2.0,,2023-12-12
REV0215,C0578,P0197,4.0,El 7aga etewslat bel seh,2023-12-02
REV0216,C0142,P0486,2.0,,2024-01-28
REV0217,C0766,P0273,3.0,Montag momtaz w sa3ro monaseb,2023-09-25
REV0218,C0120,P0474,4.0,El 7aga zabarta 3amali,2024-12-07
REV0219,C0626,P0226,2.0,El montag mesh sha8al,2024-09-12
REV0220,C0770,P0547,2.0,El soora ghayr mowafqa lil montag,2024-06-22
REV0221,C0574,P0115,5.0,3ajaba el khedma,2024-08-09
REV0222,C0449,P0120,5.0,El 7aga etewslat bel seh,2024-04-01
REV0223,C0464,P0573,4.0,El 7aga zabarta 3amali,2023-01-23
REV0224,C0589,P0074,,Khedma tawil ya jama3a,2024-07-08
REV0225,C0480,P0032,2.0,El tawseel kan fe wa2t,2024-01-19
INVALID,C0386,P0383,5.0,El 7aga etewslat wa2taha,2023-05-02
REV0227,C0740,P0228,1.0,El montag mesh sha8al,2024-11-20
REV0228,C0235,P0253,2.0,Tawseel sarie3 gedan,2023-02-02
REV0229,C0017,P0246,1.0,3ajaba el 3ala,2024-09-04
REV0230,C0045,P0410,5.0,Jo3a al3ab 3andhom,2023-05-24
REV0231,C0744,P0585,5.0,3ajaba el khedma gedan,2023-08-31
REV0232,C0225,P0421,1.0,El 7agat etewsalet kamla,2024-10-03
REV0233,C0354,P0389,3.0,El tawseel kan fe wa2t,2023-06-02
REV0234,C0247,P0230,2.0,Jo3a al3ab 3andhom,2024-07-29
REV0235,C0397,P0248,3.0,3ajaba el 3ala,2024-01-15
REV0236,C0275,P0385,5.0,,2023-03-16
REV0237,C0774,P0597,5.0,Mesh ha2khudha tany,2023-12-07
REV0238,C0193,P0121,4.0,Mesh ha2khudha tany,2024-02-11
REV0239,C0389,P0475,3.0,El sa3r mo3taghal,2024-06-09
REV0240,C0734,P0478,3.0,El sa3r mo3taghal,2023-11-17
REV0241,C0148,P0018,5.0,El tawseel kan fe wa2t,2023-10-30
REV0242,C0252,P0509,3.0,El tawseel momtaz,2024-10-19
REV0243,C0362,P0172,5.0,El montag 3amali gedan,2024-10-19
REV0244,C0076,P0049,4.0,el 7agat etewsla 3ala 7alaha,2023-03-11
REV0245,C0382,P0061,5.0,EL TAWSEEL MOMTAZ,2023-01-17
REV0246,C0013,P0018,3.0,El tawseel 3alat basha,2023-01-18
REV0247,C0182,P0110,5.0,3ajaba el khedma,2024-09-26
REV0248,C0405,P0080,4.0,Sa3r akw men el market,2024-12-14
REV0249,C0664,P0032,4.0,El khedma 3amali awy,2023-02-27
REV0250,C0441,P0339,1.0,Mesh zay el wasf,2023-08-24
REV0251,C0483,P0277,,El khedma ra2e3a awy,2024-07-10
REV0252,C0324,P0018,5.0,El khedma momtaza,2023-03-20
REV0253,C0398,P0550,2.0,El soora ghayr mowafqa lil montag,2024-05-27
REV0254,C0237,P0077,5.0,EL KHEDMA MOMTAZA,2023-12-01
REV0255,C0458,P0500,5.0,El 7aga zabarta gedan,2023-07-10
REV0256,C0630,P0302,1.0,La2 ma3qool,2024-01-25
REV0257,C0326,P0368,1.0,3ajaba el 3ala,2024-01-04
REV0258,C0438,P0457,5.0,El tawseel kan bta2,2023-04-02
REV0259,C0334,P0393,,El soora ghayr mowafqa lil montag,2024-07-26
REV0260,C0172,P0388,3.0,El tawseel momtaz,2023-05-30
REV0261,C0492,P0078,2.0,El tawseel momtaz,2024-08-31
REV0262,C0007,P0404,5.0,El soora mesh zay eny shofta,2024-03-26
REV0263,C0605,P0139,5.0,3ajaba el khedma,2024-05-05
REV0264,C0300,P0500,2.0,El khedma ra2e3a awy,2024-02-07
REV0265,C0556,P0184,5.0,,2024-04-17
REV0266,C0213,P0446,1.0,El tawseel kan fe wa2t,2024-11-20
REV0267,C0669,P0156,4.0,El khedma 3amali awy,2024-08-19
REV0268,C0703,P0426,3.0,El montag 3amali gedan,2024-08-31
REV0269,C0668,P0362,5.0,,2024-10-22
REV0270,C0408,P0339,4.0,Sa3r tamam,2023-09-22
REV0271,C0699,P0585,3.0,El 7aga etewslat bel seh,2023-06-04
REV0272,C0424,P0087,2.0,El soora mesh zay eny shofta,2024-04-11
REV0273,C0098,P0446,4.0,El 7aga zabarta 3amali,2023-02-15
REV0274,C0659,P0112,2.0,Sa3r akw men el market,2024-06-12
REV0275,C0470,P0237,2.0,EL 7AGA ZABARTA GEDAN,2024-02-10
REV0276,C0201,P0458,4.0,,2023-08-08
REV0277,C0765,P0064,5.0,3ajaba el khedma gedan,2023-07-21
REV0278,C0538,P0320,5.0,Tawseel sarie3 gedan,2023-12-23
REV0279,C0684,P0304,5.0,El 3ala 7abeby,2023-11-17
REV0280,C0705,P0144,4.0,El montag 3amali,2024-03-09
REV0281,C0656,P0176,4.0,El 7agat etewsalet kamla,2023-11-19
REV0282,C0010,P0494,4.0,El 7aga etewslat bel seh,2024-10-30
REV0283,C0451,P0498,5.0,,2023-08-14
REV0284,C0282,P0230,2.0,El tawseel momtaz,2024-07-16
REV0285,C0554,P0374,1.0,3ajaba el 3ala,2024-07-13
REV0286,C0664,P0253,1.0,El 7aga etewslat wa2taha,2023-03-31
REV0287,C0242,P0214,5.0,El 7aga zabarta gedan,2023-06-19
REV0288,C0060,P0579,3.0,Mumtaz 3ala kol 7aja,2023-11-28
REV0289,C0523,P0097,4.0,El khedma ra2e3a awy,2024-11-02
REV0290,C0723,P0329,4.0,El khedma ra2e3a awy,2024-10-04
REV0291,C0781,P0095,3.0,El sa3r mo3taghal,2024-04-10
REV0291,C0781,P0095,3.0,El sa3r mo3taghal,2024-04-10
REV0292,C0786,P0095,4.0,El 7aga etewslat wa2taha,2023-03-06
REV0293,C0215,P0504,3.0,El 3ala 7abeby,2024-08-02
INVALID,C0775,P0049,,El montag mesh sha8al,2023-01-17
REV0295,C0001,P0436,2.0,El 7aga zabarta 3amali,2023-06-12
REV0296,C0371,P0256,2.0,El 7aga zabarta 3amali,2024-12-17
REV0297,C0096,P0002,1.0,el 7agat etewsla 3ala 7alaha,2024-06-15
REV0298,C0122,P0430,4.0,El montag 3amali,2023-04-02
REV0299,C0308,P0140,2.0,la2 ma3qool,2023-03-12
REV0300,C0447,P0358,2.0,3ajaba el 3ala,2023-08-11
REV0301,C0600,P0392,4.0,El 3ala 7abeby,2023-09-11
REV0302,C0611,P0291,1.0,El 7aga zabarta 3amali,2023-07-30
REV0303,C0304,P0055,2.0,Tawseel sarie3 gedan,2023-09-04
REV0304,C0013,P0368,2.0,El tawseel kan fe wa2t,2024-01-10
REV0305,C0782,P0074,,El montag mesh kwayes,2023-08-09
REV0306,C0515,P0293,5.0,El 7aga zabarta gedan,2024-12-19
REV0307,C0155,P0284,1.0,Mesh ha2khudha tany,2023-06-09
REV0308,C0661,P0067,4.0,Sa3r akw men el market,2023-03-01
REV0309,C0623,P0056,2.0,EL 3ALA 7ABEBY,2024-12-19
REV0310,C0357,P0533,3.0,El 3ala 7abeby,2023-10-03
REV0311,C0345,P0437,1.0,Khedma tawil ya jama3a,2024-05-23
REV0312,C0577,P0169,3.0,tawseel sarie3 gedan,2023-08-22
REV0313,C0013,P0250,,La2 ma3qool,2023-07-03
REV0314,C0726,P0427,2.0,3ajaba el khedma gedan,2023-10-05
REV0315,C0684,P0053,5.0,El khedma momtaza,2023-03-12
REV0316,C0320,P0335,4.0,,2023-07-25
REV0317,C0797,P0311,2.0,El tawseel momtaz,2023-07-20
REV0318,C0153,P0007,1.0,El 7aga etewslat wa2taha,2024-10-13
REV0319,C0002,P0384,3.0,El sa3r mesh monaseb,2023-09-01
REV0320,C0144,P0286,2.0,El sa3r mesh monaseb,2024-02-27
REV0321,C0086,P0590,2.0,El khedma momtaza,2023-03-18
REV0322,C0132,P0242,3.0,El khedma momtaza,2024-12-18
REV0323,C0239,P0076,2.0,Sa3r tamam,2023-06-09
REV0324,C0122,P0545,2.0,El montag mesh sha8al,2023-09-29
REV0325,C0313,P0041,3.0,Sa3r akw men el market,2023-12-31
REV0326,C0177,P0031,4.0,El khedma momtaza gedan,2023-09-13
REV0327,C0123,P0014,2.0,El khedma momtaza,2024-01-17
REV0328,C0597,P0265,1.0,,2023-03-08
REV0329,C0657,P0452,1.0,El soora mesh zay eny shofta,2023-05-06
REV0330,C0584,P0441,4.0,El montag 3amali,2024-11-30
REV0331,C0282,P0286,2.0,,2024-09-26
REV0332,C0658,P0302,5.0,El soora ghayr mowafqa lil montag,2023-10-14
REV0333,C0536,P0255,5.0,El montag 3amali,2024-12-31
INVALID,C0576,P0512,3.0,3ajaba el khedma gedan,2024-09-03
REV0335,C0059,P0481,5.0,Mumtaz 3ala kol 7aja,2023-04-13
REV0336,C0749,P0057,2.0,El montag 3amali,2023-12-30
REV0337,C0242,P0325,3.0,El tawseel kan bta2,2024-12-21
REV0338,C0573,P0192,4.0,El 7agat etewsalet kamla,2024-05-17
REV0339,C0021,P0537,3.0,3ajaba el khedma,2023-05-14
REV0340,C0333,P0060,,La2 ma3qool,2023-04-24
REV0341,C0382,P0404,3.0,El 3ala 7abeby,2023-06-11
REV0342,C0495,P0324,5.0,El 7aga etewslat wa2taha,2023-08-17
REV0343,C0746,P0301,1.0,El khedma momtaza,2024-08-04
REV0344,C0623,P0226,1.0,La2 ma3qool,2023-12-06
REV0345,C0170,P0090,3.0,El montag mesh kwayes,2023-08-03
REV0346,C0109,P0002,,El tawseel kan fe wa2t,2023-06-20
REV0347,C0557,P0383,4.0,El 7agat etewsla 3ala 7alaha,2023-06-16
REV0348,C0021,P0326,1.0,Mumtaz 3ala kol 7aja,2024-01-20
REV0349,C0094,P0346,5.0,El tawseel kan bta2,2024-03-17
REV0350,C0159,P0054,2.0,El tawseel kan fe wa2t,2024-12-14
REV0351,C0671,P0288,1.0,,2024-08-08
REV0352,C0499,P0156,1.0,El tawseel 3alat basha,2024-11-08
REV0353,C0210,P0173,1.0,Tawseel sarie3 gedan,2023-11-12
REV0354,C0272,P0093,4.0,El montag 3amali,2024-01-14
REV0355,C0270,P0231,5.0,Sa3r tamam,2023-03-29
REV0356,C0769,P0599,1.0,El sa3r mesh monaseb,2024-03-04
REV0357,C0583,P0241,1.0,Mesh zay el wasf,2024-05-29
REV0358,C0632,P0149,4.0,Mumtaz 3ala kol 7aja,2023-08-05
REV0359,C0694,P0443,2.0,El montag mesh kwayes,2023-11-24
REV0360,C0397,P0565,3.0,el sa3r mesh monaseb,2024-04-14
REV0361,C0598,P0533,1.0,La2 ma3qool,2024-08-03
REV0362,C0107,P0572,3.0,El 7aga etewslat wa2taha,2024-02-25
REV0363,C0481,P0038,4.0,El khedma momtaza,2023-02-09
REV0364,C0050,P0484,3.0,,2023-11-07
REV0365,C0500,P0100,2.0,3ajaba el 3ala,2023-11-25
REV0366,C0191,P0450,4.0,El sa3r mesh monaseb,2024-01-18
REV0367,C0320,P0516,5.0,El tawseel kan bta2,2023-06-27
REV0368,C0256,P0033,3.0,El khedma ra2e3a awy,2024-01-13
REV0369,C0125,P0031,4.0,El 7agat etewsalet kamla,2024-04-30
REV0370,C0265,P0092,4.0,,2024-08-08
REV0371,C0218,P0226,2.0,EL TAWSEEL KAN FE WA2T,2024-06-09
REV0372,C0779,P0010,2.0,Montag momtaz w sa3ro monaseb,2023-08-18
REV0373,C0721,P0281,4.0,El montag mesh sha8al,2023-09-16
REV0374,C0635,P0405,1.0,El sa3r mo3taghal,2024-07-28
REV0375,C0109,P0491,3.0,El khedma ra2e3a awy,2023-09-25
REV0376,C0191,P0152,2.0,El khedma momtaza,2024-11-07
REV0377,C0506,P0302,4.0,Mesh zay el wasf,2024-08-20
REV0378,C0738,P0227,4.0,El 7aga etewslat wa2taha,2024-06-03
REV0379,C0569,P0185,4.0,El montag mesh kwayes,2024-07-26
REV0380,C0345,P0091,2.0,El 7aga zabarta 3amali,2024-03-06
REV0381,C0303,P0472,4.0,Khedma tawil ya jama3a,2024-04-28
REV0382,C0390,P0540,1.0,La2 ma3qool,2023-05-21
REV0383,C0465,P0146,2.0,El tawseel momtaz,2023-12-07
REV0384,C0005,P0460,2.0,Mumtaz 3ala kol 7aja,2024-05-16
REV0385,C0441,P0437,4.0,Mesh zay el wasf,2024-06-30
REV0385,C0441,P0437,4.0,Mesh zay el wasf,2024-06-30
REV0386,C0331,P0541,1.0,Sa3r akw men el market,2023-08-20
REV0387,C0392,P0513,2.0,Mesh zay el wasf,2023-11-02
REV0388,C0534,P0345,2.0,El tawseel momtaz,2024-01-03
REV0389,C0412,P0020,2.0,El tawseel kan bta2,2024-08-26
REV0390,C0039,P0383,3.0,Jo3a al3ab 3andhom,2024-08-31
REV0391,C0021,P0049,4.0,Tawseel sarie3 gedan,2024-07-14
REV0392,C0697,P0010,1.0,El khedma ra2e3a awy,2024-09-29
REV0393,C0106,P0521,1.0,Sa3r tamam,2024-05-24
REV0394,C0533,P0206,4.0,Mesh zay el wasf,2024-07-15
REV0395,C0340,P0240,,Tawseel sarie3 gedan,2024-08-10
REV0396,C0520,P0076,1.0,El 7agat etewsla 3ala 7alaha,2024-04-12
REV0397,C0101,P0177,3.0,3ajaba el khedma gedan,2024-03-12
REV0398,C0046,P0010,2.0,3ajaba el 3ala,2024-09-28
REV0399,C0352,P0187,4.0,El khedma ra2e3a awy,2024-01-30
REV0400,C0169,P0116,1.0,Mumtaz 3ala kol 7aja,2023-04-17
REV0401,C0689,P0446,4.0,El tawseel kan bta2,2024-12-01
REV0402,C0491,P0497,4.0,khedma tawil ya jama3a,2023-09-25
REV0403,C0535,P0586,2.0,El soora mesh zay eny shofta,2024-06-15
REV0404,C0672,P0254,4.0,El khedma momtaza gedan,2024-09-19
REV0405,C0477,P0505,1.0,3ajaba el khedma gedan,2023-09-04
REV0406,C0561,P0386,2.0,3ajaba el 3ala,2024-08-09
REV0407,C0120,P0507,1.0,el tawseel kan fe wa2t,2023-02-06
REV0408,C0615,P0311,5.0,El montag mesh sha8al,2023-12-16
REV0409,C0462,P0339,5.0,El sa3r mo3taghal,2024-04-08
REV0410,C0351,P0362,3.0,El sa3r mo3taghal,2024-12-19
REV0411,C0729,P0418,5.0,Tawseel sarie3 gedan,2024-02-07
REV0412,C0348,P0111,1.0,Tawseel sarie3 gedan,2024-04-06
REV0413,C0507,P0005,1.0,El 7aga zabarta gedan,2024-08-22
REV0414,C0180,P0588,2.0,3ajaba el khedma gedan,2024-05-31
REV0415,C0704,P0254,3.0,3ajaba el 3ala,2023-05-17
REV0416,C0521,P0306,5.0,El khedma momtaza gedan,2024-10-09
REV0417,C0698,P0352,2.0,El 7agat etewsalet kamla,2024-05-30
REV0418,C0774,P0359,5.0,El tawseel kan fe wa2t,2024-11-21
REV0419,C0431,P0015,1.0,Jo3a al3ab 3andhom,2024-11-17
REV0420,C0295,P0256,1.0,El tawseel 3alat basha,2023-07-28
REV0421,C0103,P0571,5.0,El 7aga etewslat bel seh,2024-12-13
REV0422,C0396,P0424,3.0,Jo3a al3ab 3andhom,2023-01-14
REV0423,C0450,P0230,3.0,El montag 3amali gedan,2024-09-09
REV0424,C0456,P0180,1.0,El 7agat etewsalet kamla,2024-06-10
REV0425,C0271,P0133,3.0,,2024-04-22
REV0426,C0157,P0040,3.0,El 7aga zabarta 3amali,2024-05-17
REV0427,C0719,P0325,2.0,El 7aga etewslat bel seh,2023-06-13
REV0428,C0225,P0218,3.0,Mesh ha2khudha tany,2024-09-25
REV0429,C0660,P0010,3.0,Sa3r akw men el market,2023-02-10
REV0430,C0115,P0394,3.0,,2024-06-13
REV0431,C0383,P0524,4.0,El tawseel 3alat basha,2024-10-29
REV0432,C0170,P0547,1.0,Mesh ha2khudha tany,2024-12-02
REV0433,C0714,P0443,1.0,La2 ma3qool,2023-01-25
REV0434,C0055,P0182,5.0,El 7agat etewsla 3ala 7alaha,2023-09-22
REV0435,C0325,P0018,1.0,Khedma tawil ya jama3a,2024-08-22
REV0436,C0511,P0109,3.0,El tawseel 3alat basha,2024-03-24
REV0437,C0159,P0543,4.0,El montag 3amali gedan,2023-10-30
REV0438,C0741,P0381,1.0,el khedma momtaza gedan,2023-05-25
REV0439,C0548,P0557,3.0,El 7aga etewslat wa2taha,2023-08-05
REV0440,C0163,P0188,3.0,El 7agat etewsalet kamla,2024-11-18
REV0441,C0560,P0470,1.0,Khedma tawil ya jama3a,2023-09-14
REV0442,C0340,P0364,2.0,Khedma tawil ya jama3a,2023-07-18
REV0443,C0315,P0594,5.0,3ajaba el khedma gedan,2024-03-14
REV0444,C0724,P0444,3.0,El soora mesh zay eny shofta,2024-05-06
REV0445,C0562,P0112,5.0,El khedma ra2e3a awy,2023-05-24
REV0446,C0638,P0078,1.0,El tawseel kan bta2,2024-08-18
REV0447,C0038,P0560,5.0,La2 ma3qool,2024-01-10
REV0448,C0299,P0137,5.0,EL SA3R MO3TAGHAL,2024-05-29
REV0449,C0625,P0168,2.0,El 7agat etewsalet kamla,2024-08-02
REV0450,C0748,P0493,1.0,El tawseel momtaz,2023-08-26
REV0451,C0210,P0528,3.0,El montag mesh sha8al,2023-02-17
REV0452,C0530,P0280,3.0,El 7agat etewsalet kamla,2024-01-21
REV0453,C0079,P0527,2.0,El 7aga etewslat wa2taha,2023-12-20
REV0454,C0510,P0142,2.0,El khedma ra2e3a awy,2023-08-05
REV0455,C0120,P0235,3.0,El khedma 3amali awy,2024-11-22
REV0456,C0419,P0023,2.0,Mumtaz 3ala kol 7aja,2023-05-18
REV0457,C0057,P0169,2.0,El khedma momtaza,2024-09-05
REV0458,C0740,P0290,2.0,El khedma 3amali awy,2024-05-08
REV0459,C0593,P0186,5.0,El soora mesh zay eny shofta,2024-04-09
REV0460,C0134,P0112,,El 7aga etewslat bel seh,2024-12-01
REV0461,C0484,P0039,5.0,Tawseel sarie3 gedan,2023-04-06
REV0462,C0002,P0439,3.0,El sa3r mesh monaseb,2024-03-15
REV0463,C0390,P0357,5.0,El 3ala 7abeby,2023-09-18
REV0464,C0292,P0553,2.0,,2023-01-08
REV0465,C0119,P0530,,3ajaba el khedma gedan,2024-02-23
REV0466,C0260,P0267,4.0,El khedma ra2e3a awy,2024-11-27
REV0467,C0568,P0492,5.0,El montag mesh kwayes,2023-11-11
REV0468,C0140,P0122,4.0,Mumtaz 3ala kol 7aja,2023-04-13
REV0469,C0561,P0053,1.0,La2 ma3qool,2024-04-27
REV0470,C0227,P0378,1.0,El khedma momtaza,2024-09-20
REV0471,C0058,P0178,4.0,,2024-11-03
REV0472,C0527,P0292,5.0,El 7agat etewsla 3ala 7alaha,2024-09-21
REV0473,C0001,P0160,3.0,El 7aga etewslat wa2taha,2024-11-16
REV0474,C0749,P0070,5.0,El khedma momtaza gedan,2024-08-19
REV0475,C0617,P0199,4.0,El montag mesh kwayes,2023-06-29
REV0476,C0303,P0348,5.0,El montag 3amali gedan,2024-08-11
REV0477,C0492,P0249,4.0,El tawseel kan bta2,2024-05-08
REV0478,C0224,P0235,4.0,EL SA3R MESH MONASEB,2024-07-02
REV0479,C0255,P0294,3.0,El 7agat etewsalet kamla,2024-05-02
REV0480,C0186,P0194,2.0,Sa3r akw men el market,2023-09-29
REV0481,C0630,P0363,1.0,El soora ghayr mowafqa lil montag,2024-11-23
REV0481,C0630,P0363,1.0,El soora ghayr mowafqa lil montag,2024-11-23
REV0482,C0552,P0043,3.0,El tawseel momtaz,2024-08-11
REV0483,C0520,P0286,5.0,El sa3r mesh monaseb,2024-03-09
REV0484,C0402,P0177,1.0,el montag mesh sha8al,2023-11-20
REV0485,C0591,P0103,5.0,El 7agat etewsalet kamla,2024-07-15
REV0486,C0353,P0373,4.0,El sa3r mo3taghal,2024-01-09
REV0487,C0133,P0585,1.0,Sa3r akw men el market,2024-07-22
REV0488,C0751,P0152,1.0,El tawseel momtaz,2023-05-18
REV0489,C0732,P0323,3.0,Jo3a al3ab 3andhom,2024-02-12
REV0490,C0261,P0485,1.0,El soora mesh zay eny shofta,2023-09-24
REV0491,C0264,P0351,,3ajaba el khedma,2024-08-13
REV0492,C0793,P0291,5.0,3ajaba el 3ala,2023-03-22
REV0493,C0147,P0170,3.0,El khedma momtaza,2023-03-15
REV0494,C0663,P0298,5.0,El khedma ra2e3a awy,2024-03-31
REV0495,C0530,P0459,2.0,El 3ala 7abeby,2023-08-29
REV0496,C0081,P0215,1.0,El khedma 3amali awy,2024-07-15
REV0497,C0085,P0106,2.0,El montag 3amali,2023-11-13
REV0498,C0128,P0134,2.0,,2024-11-10
REV0499,C0335,P0485,5.0,El khedma momtaza gedan,2024-03-31
REV0500,C0602,P0465,5.0,El montag 3amali gedan,2023-11-14
REV0501,C0090,P0450,4.0,EL 7AGA ZABARTA 3AMALI,2023-01-11
REV0502,C0138,P0351,5.0,,2024-05-18
REV0503,C0485,P0306,,el tawseel 3alat basha,2024-09-03
REV0504,C0420,P0570,2.0,El montag 3amali,2024-01-23
REV0505,C0526,P0278,5.0,El tawseel kan fe wa2t,2023-07-12
REV0506,C0648,P0464,3.0,El tawseel momtaz,2023-07-12
REV0507,C0023,P0190,3.0,3ajaba el 3ala,2023-01-09
REV0508,C0352,P0428,4.0,El montag mesh sha8al,2024-12-14
REV0509,C0148,P0057,4.0,El khedma 3amali awy,2023-07-05
REV0510,C0013,P0125,2.0,3ajaba el 3ala,2023-09-11
REV0511,C0783,P0096,2.0,El 7aga zabarta 3amali,2023-11-27
REV0512,C0560,P0531,4.0,3ajaba el khedma,2024-01-05
REV0513,C0114,P0241,3.0,,2023-10-10
REV0514,C0404,P0248,,,2024-12-08
REV0515,C0607,P0157,1.0,El tawseel momtaz,2023-04-04
REV0516,C0772,P0061,2.0,Sa3r tamam,2023-05-09
REV0517,C0656,P0354,4.0,El tawseel kan bta2,2024-12-06
REV0518,C0041,P0494,5.0,El tawseel momtaz,2023-07-14
REV0519,C0476,P0281,5.0,El khedma momtaza gedan,2023-06-14
REV0520,C0270,P0551,1.0,El 7aga etewslat bel seh,2024-01-24
REV0521,C0373,P0244,1.0,El montag 3amali gedan,2024-02-01
REV0522,C0156,P0289,3.0,El sa3r mesh monaseb,2024-11-05
REV0523,C0033,P0206,2.0,El montag 3amali,2024-11-04
REV0524,C0050,P0374,1.0,,2023-08-02
REV0525,C0081,P0477,1.0,El tawseel kan fe wa2t,2024-01-13
REV0526,C0539,P0041,3.0,Mesh ha2khudha tany,2024-06-15
REV0527,C0193,P0197,2.0,El 7agat etewsalet kamla,2024-07-25
REV0528,C0649,P0586,4.0,El 7aga zabarta gedan,2023-04-17
REV0529,C0347,P0160,5.0,El 7aga etewslat wa2taha,2023-11-19
REV0530,C0421,P0438,3.0,El montag 3amali gedan,2023-08-08
REV0531,C0370,P0461,4.0,,2023-02-05
REV0532,C0607,P0018,3.0,,2023-08-16
INVALID,C0324,P0023,3.0,El 7aga etewslat bel seh,2024-07-23
REV0534,C0468,P0363,3.0,Sa3r akw men el market,2023-08-27
REV0535,C0579,P0222,3.0,El 7agat etewsalet kamla,2024-05-14
REV0536,C0096,P0307,,El montag 3amali,2023-03-22
REV0537,C0441,P0424,1.0,El 7agat etewsla 3ala 7alaha,2024-10-30
REV0538,C0643,P0390,5.0,,2024-07-06
REV0539,C0336,P0512,2.0,El khedma momtaza,2024-04-01
REV0540,C0439,P0296,2.0,El soora ghayr mowafqa lil montag,2024-05-02
REV0541,C0087,P0407,2.0,El khedma 3amali awy,2024-07-26
REV0542,C0571,P0534,1.0,El 7aga zabarta gedan,2023-11-28
REV0543,C0422,P0431,2.0,El tawseel kan bta2,2023-11-09
REV0544,C0449,P0149,2.0,El sa3r mo3taghal,2023-06-09
REV0545,C0055,P0248,2.0,El tawseel 3alat basha,2023-01-15
REV0546,C0479,P0023,5.0,El montag 3amali gedan,2024-06-19
REV0547,C0143,P0019,5.0,,2023-06-24
REV0548,C0204,P0277,1.0,El khedma ra2e3a awy,2024-11-09
REV0549,C0020,P0299,4.0,El montag 3amali,2024-06-04
REV0550,C0608,P0542,2.0,El montag mesh sha8al,2024-07-28
REV0551,C0540,P0312,4.0,El tawseel kan bta2,2023-12-22
REV0552,C0510,P0282,3.0,El tawseel kan bta2,2024-07-22
REV0553,C0401,P0140,4.0,El 7agat etewsla 3ala 7alaha,2024-03-03
REV0554,C0616,P0337,2.0,El 3ala 7abeby,2024-08-17
REV0555,C0318,P0534,4.0,La2 ma3qool,2024-11-02
REV0556,C0568,P0543,1.0,La2 ma3qool,2023-01-31
REV0557,C0420,P0310,3.0,3ajaba el khedma,2023-04-20
REV0558,C0628,P0273,5.0,El 7agat etewsla 3ala 7alaha,2023-08-25
REV0559,C0485,P0137,5.0,El sa3r mo3taghal,2023-07-08
REV0560,C0196,P0231,,Montag momtaz w sa3ro monaseb,2023-10-04
REV0561,C0206,P0209,4.0,El tawseel momtaz,2024-12-05
REV0562,C0413,P0042,4.0,El khedma momtaza,2024-09-18
REV0563,C0652,P0039,4.0,Mesh zay el wasf,2023-09-09
REV0564,C0569,P0395,1.0,3ajaba el 3ala,2024-02-12
REV0565,C0169,P0430,1.0,La2 ma3qool,2024-04-19
REV0566,C0114,P0184,5.0,El tawseel kan fe wa2t,2023-11-28
REV0567,C0724,P0206,1.0,Mumtaz 3ala kol 7aja,2023-05-07
REV0568,C0087,P0534,5.0,Mumtaz 3ala kol 7aja,2024-01-23
REV0569,C0345,P0575,2.0,La2 ma3qool,2023-07-03
REV0570,C0742,P0454,2.0,EL 3ALA 7ABEBY,2023-07-27
REV0571,C0013,P0467,4.0,Montag momtaz w sa3ro monaseb,2024-09-14
REV0572,C0484,P0462,1.0,Montag momtaz w sa3ro monaseb,2023-09-08
REV0573,C0211,P0050,1.0,Mesh zay el wasf,2023-05-29
REV0574,C0307,P0339,1.0,El 7agat etewsalet kamla,2023-06-15
REV0575,C0606,P0582,2.0,El sa3r mo3taghal,2023-02-06
REV0576,C0388,P0069,5.0,El khedma 3amali awy,2023-05-18
REV0577,C0422,P0535,2.0,Sa3r tamam,2024-08-08
REV0578,C0492,P0294,3.0,El 7aga etewslat wa2taha,2023-05-13
REV0579,C0506,P0502,5.0,EL TAWSEEL 3ALAT BASHA,2023-07-18
REV0580,C0637,P0121,2.0,El tawseel kan fe wa2t,2024-02-28
REV0581,C0216,P0013,3.0,Khedma tawil ya jama3a,2023-11-12
REV0582,C0115,P0341,5.0,El tawseel kan bta2,2023-06-29
REV0583,C0487,P0483,2.0,El montag mesh sha8al,2024-07-03
REV0584,C0755,P0057,3.0,3ajaba el khedma gedan,2024-07-22
REV0585,C0364,P0067,3.0,El soora mesh zay eny shofta,2024-01-20
REV0586,C0398,P0191,3.0,3ajaba el khedma gedan,2024-12-27
REV0587,C0243,P0379,3.0,El 7aga zabarta 3amali,2023-06-29
REV0588,C0093,P0452,4.0,La2 ma3qool,2023-07-14
REV0589,C0319,P0335,1.0,El sa3r mesh monaseb,2024-11-23
REV0590,C0396,P0532,3.0,El soora ghayr mowafqa lil montag,2023-12-08
REV0591,C0669,P0319,,Mesh ha2khudha tany,2023-11-25
REV0592,C0785,P0449,3.0,EL KHEDMA RA2E3A AWY,2023-04-28
REV0593,C0523,P0104,3.0,El khedma ra2e3a awy,2023-05-25
REV0594,C0174,P0072,3.0,JO3A AL3AB 3ANDHOM,2023-05-14
REV0595,C0051,P0109,1.0,El 7agat etewsalet kamla,2024-12-22
REV0596,C0711,P0454,3.0,3ajaba el khedma,2024-12-31
REV0597,C0768,P0474,1.0,El montag mesh sha8al,2023-04-10
REV0598,C0473,P0479,2.0,El montag mesh kwayes,2024-01-08
REV0599,C0334,P0462,1.0,El 7aga etewslat wa2taha,2024-05-05
REV0600,C0615,P0584,1.0,Sa3r tamam,2023-11-30
REV0601,C0469,P0409,2.0,El khedma momtaza gedan,2023-06-12
REV0602,C0705,P0439,4.0,El soora mesh zay eny shofta,2024-07-11
REV0603,C0752,P0583,1.0,El montag mesh sha8al,2023-11-30
REV0604,C0414,P0071,5.0,El montag 3amali,2023-12-02
REV0605,C0141,P0590,1.0,La2 ma3qool,2024-04-08
REV0606,C0199,P0210,3.0,El 7aga zabarta 3amali,2024-03-21
REV0607,C0593,P0009,5.0,El 3ala 7abeby,2023-10-29
REV0608,C0001,P0569,3.0,El tawseel 3alat basha,2023-02-01
REV0609,C0327,P0390,4.0,El 7agat etewsalet kamla,2024-05-01
REV0610,C0370,P0425,2.0,KHEDMA TAWIL YA JAMA3A,2024-10-25
REV0611,C0495,P0445,2.0,El tawseel kan fe wa2t,2024-04-11
REV0612,C0635,P0184,4.0,3ajaba el 3ala,2024-01-29
REV0613,C0588,P0508,2.0,El khedma ra2e3a awy,2024-02-25
REV0614,C0039,P0577,3.0,El khedma 3amali awy,2024-12-08
REV0615,C0763,P0286,1.0,El soora ghayr mowafqa lil montag,2023-09-09
REV0616,C0079,P0549,3.0,El soora mesh zay eny shofta,2024-07-01
REV0617,C0477,P0583,4.0,El tawseel 3alat basha,2023-10-24
REV0618,C0313,P0573,4.0,Jo3a al3ab 3andhom,2024-11-03
REV0619,C0295,P0494,5.0,El khedma ra2e3a awy,2023-09-16
REV0620,C0015,P0115,5.0,3ajaba el 3ala,2024-01-14
REV0621,C0493,P0185,1.0,El soora ghayr mowafqa lil montag,2023-05-29
REV0622,C0765,P0421,2.0,Mumtaz 3ala kol 7aja,2023-08-04
REV0623,C0271,P0119,4.0,El 7aga zabarta 3amali,2024-05-02
REV0624,C0388,P0398,2.0,El 7aga zabarta gedan,2023-01-13
REV0625,C0325,P0540,1.0,El montag 3amali gedan,2024-10-14
REV0626,C0662,P0279,3.0,El montag mesh kwayes,2024-11-01
REV0627,C0248,P0598,5.0,El 7agat etewsalet kamla,2023-11-17
REV0628,C0013,P0420,1.0,El 7aga etewslat wa2taha,2023-08-13
REV0629,C0631,P0094,5.0,Mesh ha2khudha tany,2024-09-05
REV0630,C0616,P0133,5.0,El 7agat etewsalet kamla,2023-04-24
REV0631,C0077,P0462,3.0,3ajaba el khedma gedan,2023-09-21
REV0632,C0391,P0396,1.0,El montag mesh kwayes,2023-07-02
REV0633,C0621,P0401,4.0,El montag 3amali gedan,2024-03-17
REV0634,C0727,P0265,1.0,EL MONTAG MESH KWAYES,2024-04-01
REV0635,C0663,P0001,4.0,El soora mesh zay eny shofta,2024-02-05
REV0636,C0499,P0487,1.0,Montag momtaz w sa3ro monaseb,2024-01-29
REV0637,C0577,P0545,3.0,El 7aga zabarta 3amali,2024-02-15
REV0638,C0375,P0544,3.0,El montag mesh sha8al,2023-10-24
REV0639,C0393,P0195,4.0,El 7aga etewslat wa2taha,2024-05-13
REV0640,C0142,P0036,5.0,El montag 3amali,2023-03-06
REV0641,C0457,P0018,,Mesh zay el wasf,2024-02-20
REV0642,C0466,P0546,5.0,Khedma tawil ya jama3a,2023-02-07
REV0642,C0466,P0546,5.0,Khedma tawil ya jama3a,2023-02-07
REV0643,C0630,P0046,2.0,,2024-10-09
REV0644,C0316,P0099,2.0,Khedma tawil ya jama3a,2023-04-19
REV0645,C0064,P0207,4.0,El montag 3amali gedan,2023-05-21
REV0646,C0046,P0176,1.0,El tawseel kan fe wa2t,2023-06-22
REV0647,C0592,P0041,5.0,Mumtaz 3ala kol 7aja,2023-01-17
REV0647,C0592,P0041,5.0,Mumtaz 3ala kol 7aja,2023-01-17
REV0648,C0090,P0290,4.0,Mesh ha2khudha tany,2023-05-27
REV0649,C0177,P0038,4.0,El soora ghayr mowafqa lil montag,2024-10-04
REV0650,C0569,P0241,5.0,El sa3r mo3taghal,2024-07-06
REV0651,C0212,P0283,1.0,El khedma 3amali awy,2024-05-24
REV0652,C0656,P0371,4.0,El montag mesh sha8al,2023-02-14
REV0653,C0160,P0029,1.0,Sa3r akw men el market,2024-03-31
REV0654,C0688,P0333,1.0,Sa3r tamam,2023-08-31
REV0655,C0224,P0075,4.0,El 7aga zabarta gedan,2023-05-29
REV0656,C0382,P0139,2.0,El khedma ra2e3a awy,2023-07-27
REV0657,C0288,P0139,4.0,Mumtaz 3ala kol 7aja,2023-12-18
REV0658,C0649,P0173,5.0,El soora ghayr mowafqa lil montag,2024-02-26
REV0659,C0602,P0482,3.0,,2024-03-14
REV0660,C0253,P0253,5.0,La2 ma3qool,2024-08-10
REV0661,C0478,P0514,,El khedma 3amali awy,2024-12-14
REV0662,C0569,P0014,4.0,El 3ala 7abeby,2024-01-03
REV0663,C0488,P0312,4.0,El tawseel kan bta2,2024-04-10
REV0664,C0188,P0378,1.0,Khedma tawil ya jama3a,2024-01-30
REV0665,C0434,P0276,5.0,Mesh ha2khudha tany,2024-12-02
REV0666,C0056,P0525,3.0,Tawseel sarie3 gedan,2024-01-28
REV0667,C0178,P0568,5.0,Mesh ha2khudha tany,2023-05-22
REV0668,C0486,P0590,2.0,El 7agat etewsla 3ala 7alaha,2023-11-25
REV0669,C0284,P0055,3.0,El 7aga etewslat bel seh,2024-06-23
REV0670,C0543,P0299,3.0,Khedma tawil ya jama3a,2023-07-12
REV0671,C0182,P0295,1.0,El khedma ra2e3a awy,2023-04-25
REV0672,C0530,P0023,5.0,El khedma 3amali awy,2023-12-22
REV0673,C0192,P0064,,El sa3r mesh monaseb,2024-10-22
REV0674,C0799,P0334,5.0,3ajaba el 3ala,2024-04-13
REV0675,C0174,P0266,3.0,Jo3a al3ab 3andhom,2023-06-01
REV0676,C0163,P0545,2.0,La2 ma3qool,2023-06-15
REV0677,C0128,P0449,2.0,Mesh zay el wasf,2024-11-12
REV0678,C0550,P0165,1.0,El khedma momtaza,2024-05-26
REV0679,C0158,P0005,5.0,El soora mesh zay eny shofta,2024-10-24
REV0680,C0767,P0583,5.0,3ajaba el 3ala,2023-12-13
REV0681,C0141,P0560,1.0,El 7agat etewsla 3ala 7alaha,2024-04-01
REV0682,C0198,P0593,3.0,El soora ghayr mowafqa lil montag,2024-07-05
REV0683,C0521,P0402,3.0,El 7aga etewslat bel seh,2023-02-27
REV0684,C0435,P0377,1.0,El 7aga etewslat wa2taha,2023-11-12
REV0685,C0740,P0452,4.0,El tawseel 3alat basha,2023-06-17
REV0686,C0423,P0142,5.0,Mesh ha2khudha tany,2023-11-07
REV0687,C0067,P0600,1.0,,2024-10-16
REV0688,C0423,P0178,5.0,El 3ala 7abeby,2023-07-24
REV0689,C0044,P0309,3.0,EL MONTAG MESH SHA8AL,2023-08-18
REV0689,C0044,P0309,3.0,EL MONTAG MESH SHA8AL,2023-08-18
INVALID,C0269,P0307,4.0,El tawseel 3alat basha,2024-03-03
REV0691,C0030,P0123,4.0,Khedma tawil ya jama3a,2024-09-05
REV0692,C0265,P0485,1.0,El tawseel kan bta2,2023-09-23
REV0693,C0704,P0138,1.0,El tawseel kan fe wa2t,2024-10-13
REV0694,C0540,P0078,2.0,Mumtaz 3ala kol 7aja,2024-07-10
REV0695,C0310,P0277,3.0,EL 7AGA ETEWSLAT WA2TAHA,2023-05-28
REV0696,C0381,P0494,2.0,La2 ma3qool,2024-05-30
REV0697,C0625,P0536,5.0,Tawseel sarie3 gedan,2024-03-03
REV0698,C0018,P0489,3.0,3ajaba el 3ala,2024-09-03
REV0699,C0313,P0029,1.0,La2 ma3qool,2024-12-05
REV0700,C0080,P0433,1.0,El khedma 3amali awy,2024-03-17
REV0701,C0522,P0060,3.0,,2023-11-05
REV0702,C0767,P0098,5.0,3ajaba el khedma,2023-07-09
REV0703,C0759,P0284,3.0,El 7aga etewslat bel seh,2024-09-19
REV0704,C0589,P0016,2.0,MUMTAZ 3ALA KOL 7AJA,2024-07-04
REV0705,C0218,P0514,4.0,El 7agat etewsalet kamla,2024-03-26
REV0706,C0388,P0432,2.0,3ajaba el khedma gedan,2023-05-07
REV0707,C0371,P0295,1.0,El tawseel momtaz,2023-04-29
REV0708,C0698,P0452,4.0,El 7aga zabarta gedan,2023-07-13
REV0709,C0690,P0375,4.0,El khedma momtaza,2024-03-24
REV0710,C0403,P0409,1.0,Mumtaz 3ala kol 7aja,2023-03-08
REV0711,C0412,P0126,4.0,El khedma ra2e3a awy,2024-12-31
REV0712,C0655,P0408,5.0,El tawseel momtaz,2024-06-07
REV0713,C0257,P0499,2.0,,2023-02-24
REV0714,C0507,P0027,4.0,3ajaba el khedma gedan,2023-06-06
REV0715,C0671,P0530,4.0,El tawseel momtaz,2024-05-17
REV0716,C0551,P0556,,El 7aga zabarta gedan,2023-05-02
REV0717,C0467,P0036,,El 7aga zabarta 3amali,2024-12-24
REV0718,C0398,P0497,5.0,El khedma momtaza gedan,2024-12-02
REV0719,C0159,P0516,3.0,El montag 3amali,2024-09-23
REV0720,C0062,P0028,2.0,EL 7AGA ETEWSLAT WA2TAHA,2024-08-20
REV0721,C0351,P0388,3.0,El tawseel kan fe wa2t,2023-12-26
REV0722,C0321,P0086,1.0,Tawseel sarie3 gedan,2023-12-12
REV0723,C0668,P0430,4.0,EL KHEDMA 3AMALI AWY,2024-08-25
REV0724,C0581,P0398,1.0,Sa3r tamam,2024-12-08
REV0725,C0778,P0347,3.0,El 7aga zabarta gedan,2023-07-26
REV0726,C0546,P0219,1.0,El khedma momtaza,2023-08-20
REV0727,C0589,P0097,3.0,El sa3r mesh monaseb,2024-05-01
REV0728,C0311,P0514,4.0,3ajaba el khedma gedan,2023-07-24
REV0729,C0682,P0557,1.0,El sa3r mesh monaseb,2023-07-11
REV0730,C0755,P0476,5.0,El 7aga zabarta gedan,2024-08-02
REV0731,C0470,P0150,3.0,El tawseel kan fe wa2t,2023-11-23
REV0732,C0421,P0273,2.0,Sa3r akw men el market,2024-02-20
REV0733,C0319,P0473,4.0,Mesh zay el wasf,2023-07-26
REV0734,C0285,P0560,1.0,El tawseel momtaz,2023-01-21
REV0735,C0307,P0065,4.0,El soora ghayr mowafqa lil montag,2024-02-11
REV0736,C0113,P0580,1.0,El sa3r mesh monaseb,2023-09-15
REV0737,C0785,P0320,5.0,Sa3r akw men el market,2024-03-09
REV0738,C0282,P0448,5.0,El montag 3amali gedan,2024-01-19
REV0739,C0483,P0252,2.0,EL SA3R MO3TAGHAL,2023-11-12
REV0740,C0617,P0035,1.0,Sa3r akw men el market,2023-09-17
REV0741,C0373,P0125,2.0,El montag 3amali,2023-01-09
REV0742,C0262,P0308,2.0,Mumtaz 3ala kol 7aja,2024-03-25
REV0743,C0415,P0034,1.0,El tawseel momtaz,2024-04-27
REV0744,C0431,P0102,3.0,El 7aga etewslat wa2taha,2024-03-06
REV0745,C0461,P0028,2.0,El 3ala 7abeby,2023-01-04
REV0746,C0084,P0114,5.0,El 3ala 7abeby,2024-08-31
REV0747,C0486,P0136,5.0,El tawseel 3alat basha,2023-07-23
REV0748,C0386,P0580,1.0,El 7agat etewsla 3ala 7alaha,2023-04-02
REV0749,C0171,P0050,4.0,La2 ma3qool,2023-04-02
REV0750,C0015,P0536,4.0,El tawseel momtaz,2023-05-02
REV0751,C0794,P0272,4.0,El 7aga zabarta gedan,2023-07-31
REV0752,C0688,P0193,4.0,El tawseel kan bta2,2023-10-25
REV0753,C0255,P0377,4.0,El khedma 3amali awy,2023-05-17
REV0754,C0216,P0391,5.0,Sa3r tamam,2024-07-24
REV0755,C0364,P0046,,El montag 3amali,2023-11-06
REV0756,C0570,P0042,3.0,El tawseel momtaz,2023-12-14
REV0757,C0541,P0441,1.0,El 3ala 7abeby,2024-05-26
REV0758,C0438,P0289,3.0,El montag mesh kwayes,2024-06-13
REV0759,C0500,P0153,4.0,La2 ma3qool,2023-02-25
REV0760,C0717,P0476,4.0,,2024-01-01
REV0761,C0571,P0494,1.0,La2 ma3qool,2023-05-07
REV0762,C0171,P0518,5.0,mesh ha2khudha tany,2024-08-20
REV0763,C0183,P0424,2.0,SA3R TAMAM,2023-12-03
REV0764,C0691,P0125,5.0,Sa3r tamam,2023-11-28
REV0765,C0670,P0489,3.0,Montag momtaz w sa3ro monaseb,2023-12-04
REV0766,C0334,P0578,1.0,El tawseel 3alat basha,2023-11-27
REV0767,C0613,P0389,3.0,EL KHEDMA MOMTAZA,2023-04-02
REV0768,C0397,P0411,2.0,El tawseel momtaz,2024-03-18
REV0769,C0614,P0134,1.0,El 7aga etewslat bel seh,2023-07-24
REV0770,C0573,P0431,4.0,El 7agat etewsalet kamla,2024-03-20
REV0771,C0471,P0229,2.0,El sa3r mesh monaseb,2024-10-06
REV0772,C0081,P0487,2.0,El 7aga zabarta 3amali,2023-09-12
REV0773,C0078,P0046,5.0,Sa3r tamam,2024-04-20
REV0774,C0261,P0595,5.0,,2024-11-08
REV0775,C0799,P0186,1.0,El 7aga zabarta 3amali,2023-11-18
REV0776,C0635,P0271,2.0,El soora ghayr mowafqa lil montag,2024-09-10
REV0777,C0019,P0006,1.0,El khedma 3amali awy,2024-04-16
REV0778,C0613,P0496,5.0,El khedma momtaza,2023-11-06
REV0779,C0017,P0192,2.0,La2 ma3qool,2024-10-27
REV0780,C0549,P0195,4.0,El 7aga zabarta gedan,2023-01-23
REV0781,C0452,P0494,4.0,3ajaba el khedma,2023-10-29
REV0782,C0009,P0105,4.0,El tawseel momtaz,2024-08-15
REV0783,C0496,P0408,5.0,El tawseel momtaz,2023-08-26
REV0784,C0325,P0562,4.0,Tawseel sarie3 gedan,2024-05-21
REV0785,C0443,P0022,2.0,3ajaba el 3ala,2023-08-26
REV0786,C0613,P0477,3.0,El montag 3amali,2024-03-02
REV0787,C0480,P0164,3.0,El soora ghayr mowafqa lil montag,2024-11-14
REV0788,C0500,P0103,4.0,mesh ha2khudha tany,2024-07-24
REV0789,C0367,P0161,5.0,,2023-03-07
REV0790,C0115,P0232,2.0,El soora mesh zay eny shofta,2023-12-30
REV0791,C0153,P0525,1.0,3ajaba el 3ala,2024-04-13
REV0792,C0794,P0104,1.0,Mumtaz 3ala kol 7aja,2024-10-07
REV0793,C0740,P0299,5.0,Sa3r tamam,2023-06-07
REV0794,C0205,P0447,1.0,El khedma 3amali awy,2023-12-16
REV0795,C0727,P0422,2.0,El sa3r mesh monaseb,2024-03-07
REV0796,C0418,P0467,5.0,El sa3r mo3taghal,2023-01-31
REV0797,C0526,P0071,3.0,Mumtaz 3ala kol 7aja,2024-03-20
REV0798,C0652,P0153,1.0,El sa3r mesh monaseb,2023-10-30
REV0799,C0313,P0321,1.0,El sa3r mesh monaseb,2024-09-17
REV0800,C0209,P0554,5.0,El 7aga etewslat wa2taha,2024-10-26
