Shipping_ID,Order_ID,Shipping_Method,Shipping_Date,Tracking_Number,Shipping_Status
SHIP0001,ORD0652,Overnight Delivery,2023-01-08,0Y6DPBHSAHXT,Delivered
SHIP0002,ORD0286,Overnight Delivery,2023-01-04,D4V30T9NT3W5,Returned to Sender
SHIP0003,ORD0104,Same Day Delivery,2023-01-21,FMYZYCWTIQJ7,Shipped
SHIP0004,ORD0325,Standard Shipping,2023-01-07,UZHR5XFF0T0P,In Transit
SHIP0005,ORD0113,Express Shipping,2023-01-26,VNVQJT7YE511,In Transit
SHIP0006,ORD0510,Pickup Point,2023-01-30,W4SHNF877VRE,In Transit
SHIP0007,ORD0070,Pickup Point,2023-01-25,X8FSV871YZOY,Delivered
SHIP0008,ORD0600,Standard Shipping,2023-01-23,I64CIYHE7UR2,Shipped
SHIP0009,ORD0056,Standard Shipping,2023-01-02,M5IGQPKI7P5T,Delivered
SHIP0010,ORD0495,Same Day Delivery,2023-01-29,N9J2QP89UZFK,Delivered
SHIP0011,ORD0540,Pickup Point,2023-01-03,CC5O7UUBCXUL,Returned to Sender
SHIP0012,ORD0325,Standard Shipping,2023-01-01,99CHJ755NF4Z,Returned to Sender
SHIP0013,ORD0138,Standard Shipping,2023-01-24,JVZHWJR64DPJ,
SHIP0014,ORD0451,Same Day Delivery,2023-01-18,,Returned to Sender
SHIP0015,ORD0131,,2023-01-12,246HID25OWF7,Shipped
SHIP0016,ORD0342,Same Day Delivery,2023-01-26,0IFZNBQH7M35,Returned to Sender
SHIP0017,ORD0654,Pickup Point,2023-01-11,E8G8JDP0LVSN,In Transit
SHIP0018,ORD0684,Same Day Delivery,2023-01-03,7WXE6SYLZTGX,Returned to Sender
SHIP0018,ORD0684,Same Day Delivery,2023-01-03,7WXE6SYLZTGX,Returned to Sender
SHIP0019,ORD0295,Pickup Point,2023-01-20,QPHR62GDSWM3,Returned to Sender
SHIP0020,ORD0622,Standard Shipping,2023-01-15,WGZRIXA11DPG,Delivered
SHIP0021,ORD0474,Pickup Point,2023-01-20,1P36P6QF5Q14,Delivered
SHIP0022,ORD0345,pickup point,2023-01-03,IYZCOTOHP6VZ,Delivered
SHIP0023,ORD0430,Pickup Point,2023-01-26,HHPBMYOFQEWA,Delivered
SHIP0024,ORD0267,Express Shipping,2023-01-15,1N13JCAT9MX2,Processing
SHIP0025,ORD0683,Express Shipping,2023-01-15,1GV0E38DALY8,Returned to Sender
SHIP0026,ORD0310,Pickup Point,2023-01-26,92MPNSM43D8W,Returned to Sender
SHIP0027,ORD0548,Same Day Delivery,2023-01-14,VLI7KQ1UYMRL,In Transit
SHIP0028,ORD0011,Express Shipping,2023-01-03,OTIRZQAKOIXN,In Transit
SHIP0029,ORD0258,Express Shipping,2023-01-11,T1GHR09SKDGI,Processing
SHIP0030,ORD0130,Same Day Delivery,2023-01-04,UQPGB7R3OCWB,Delivered
SHIP0031,ORD0607,Express Shipping,2023-01-25,QP49KWV08HHX,Shipped
SHIP0032,ORD0034,Overnight Delivery,2023-01-23,CIJ2V2HEIFJF,In Transit
SHIP0033,ORD0313,Overnight Delivery,2023-01-17,PV60VAIY4VA1,Delivered
SHIP0034,ORD0186,Same Day Delivery,2023-01-21,8QOLDFORXO1B,In Transit
SHIP0035,ORD0671,Same Day Delivery,2023-01-14,SWRPBJEK5RBW,Returned to Sender
SHIP0036,ORD0117,Standard Shipping,2023-01-21,RZSJ49ITN7S5,In Transit
SHIP0037,ORD0003,Overnight Delivery,2023-01-27,9RFTMTTQLGZU,Out for Delivery
SHIP0038,ORD0677,Express Shipping,2023-01-16,E8LD4D6AF58C,In Transit
SHIP0039,ORD0543,Overnight Delivery,2023-01-21,15BCW790PDW5,Returned to Sender
SHIP0040,ORD0441,Pickup Point,2023-01-14,2GC5WI6FQJJA,In Transit
SHIP0041,ORD0652,Overnight Delivery,2023-01-15,HNRIUU9K9XJU,Returned to Sender
SHIP0042,ORD0236,Overnight Delivery,2023-01-08,WYZX4W6XLPU0,In Transit
SHIP0043,ORD0376,Overnight Delivery,2023-01-27,678K52QC1IYY,DELIVERED
SHIP0044,ORD0464,Overnight Delivery,2023-01-19,WNYQW7LVXWQZ,Processing
SHIP0045,ORD0547,Same Day Delivery,2023-01-12,08P0FODRO8BN,Shipped
SHIP0046,ORD0369,Overnight Delivery,2023-01-07,83DHX8BM92H3,Delivered
SHIP0047,ORD0003,Express Shipping,2023-01-05,2D5EM2VAJEPE,Out for Delivery
SHIP0048,ORD0045,Pickup Point,2023-01-10,8CROYR6CCVCJ,Delivered
SHIP0049,ORD0440,Standard Shipping,2023-01-28,5T5P5O3O0LLJ,Returned to Sender
SHIP0050,ORD0382,Pickup Point,2023-01-02,ULEMX15Z8VMU,Returned to Sender
SHIP0051,ORD0287,Same Day Delivery,2023-01-28,1WYUVXYBJ17M,Shipped
SHIP0052,ORD0540,Same Day Delivery,2023-01-15,NZ1UDBFWYJXR,In Transit
SHIP0053,ORD0604,Overnight Delivery,2023-01-02,9BH811KERPET,Delivered
SHIP0054,ORD0020,Standard Shipping,2023-01-28,POXKO8G8QYNP,Out for Delivery
SHIP0055,ORD0343,Standard Shipping,2023-01-17,TG1M8XFDJGF1,Returned to Sender
SHIP0056,ORD0574,Pickup Point,2023-01-11,WFCPKJCSLQC3,Processing
SHIP0057,ORD0043,Pickup Point,2023-01-21,VS8Q349DXBZ9,Delivered
SHIP0058,ORD0609,Overnight Delivery,2023-01-03,UNJ48VFCX7LX,Shipped
SHIP0059,ORD0131,Pickup Point,2023-01-03,PNNGH8RIEC4D,Returned to Sender
SHIP0060,ORD0386,Express Shipping,2023-01-27,W6ZBNZ8V12II,Out for Delivery
SHIP0061,ORD0290,Pickup Point,2023-01-17,FHV5BRN7ZSED,Out for Delivery
SHIP0062,ORD0460,Standard Shipping,2023-01-14,SI9NB74X2EK3,Shipped
SHIP0062,ORD0460,Standard Shipping,2023-01-14,SI9NB74X2EK3,Shipped
SHIP0063,ORD0221,Pickup Point,2023-01-31,SEKKBP2QD6VA,SHIPPED
SHIP0064,ORD0581,Standard Shipping,2023-01-17,CSS9TOQW9JA2,Returned to Sender
SHIP0065,ORD0362,Express Shipping,2023-01-27,QZW3C1QKBHB7,Delivered
SHIP0066,ORD0049,Overnight Delivery,2023-01-09,N606N9RR7S20,Delivered
SHIP0067,ORD0304,Pickup Point,2023-01-23,YMB5M9J98CWN,Returned to Sender
SHIP0068,ORD0130,Overnight Delivery,2023-01-12,UVY8N1UTOXIE,Out for Delivery
SHIP0069,ORD0220,Overnight Delivery,2023-01-23,RE4Q6QDY4LMC,In Transit
SHIP0070,ORD0518,Express Shipping,2023-01-26,2ATN2TWDL9ZS,Delivered
SHIP0071,ORD0354,Pickup Point,2023-01-21,1ES53SKF7I8S,Processing
SHIP0072,ORD0543,Express Shipping,2023-01-19,FXZV4U3BBXUX,Out for Delivery
SHIP0073,ORD0311,Same Day Delivery,2023-01-10,YFOQMF5L9MO1,Processing
SHIP0074,ORD0299,Pickup Point,2023-01-14,5FLUL1RSRLA8,Shipped
SHIP0075,ORD0667,Overnight Delivery,2023-01-18,,Shipped
SHIP0076,ORD0580,Overnight Delivery,2023-01-18,NQT3WVEDN9UN,Delivered
SHIP0077,ORD0484,Express Shipping,2023-01-20,F7LOW4VSSRUR,
SHIP0078,ORD0317,Standard Shipping,2023-01-20,821UZVGWW4FY,
SHIP0078,ORD0317,Standard Shipping,2023-01-20,821UZVGWW4FY,
SHIP0079,ORD0323,Same Day Delivery,2023-01-23,SWQ40ZSU9RN8,Delivered
SHIP0080,ORD0707,Same Day Delivery,2023-01-07,KK791ZYRRU7Z,Delivered
SHIP0081,ORD0150,Overnight Delivery,2023-01-31,MPJRHT7ZEWVI,Delivered
SHIP0082,ORD0695,Standard Shipping,2023-01-31,7O75RH8LX6DU,Returned to Sender
SHIP0083,ORD0038,Same Day Delivery,2023-01-26,7875AUD9K9TR,Delivered
SHIP0084,ORD0264,Standard Shipping,2023-01-24,KYGVWOPLOD9R,Processing
SHIP0085,ORD0738,Overnight Delivery,2023-01-21,IYQFY751YW7N,Shipped
SHIP0086,ORD0481,Express Shipping,2023-01-25,15CQZCUCTSUF,Delivered
SHIP0087,ORD0455,Same Day Delivery,2023-01-05,QCQ30O30UBMC,Processing
SHIP0088,ORD0654,Same Day Delivery,2023-01-12,N56NYXTXMGTT,Shipped
SHIP0089,ORD0434,Express Shipping,2023-01-08,FG51BXW76ICV,Returned to Sender
SHIP0090,ORD0223,Standard Shipping,2023-01-05,K30LVYLKFXHK,Delivered
SHIP0091,ORD0354,Same Day Delivery,2023-01-26,ZOKGTII4FQCO,Delivered
SHIP0092,ORD0381,Express Shipping,2023-01-02,YV5G10UR5L8A,Returned to Sender
SHIP0093,ORD0210,Express Shipping,2023-01-18,KQXLM5Q201LH,Processing
SHIP0094,ORD0591,Overnight Delivery,2023-01-05,IUIT7M1R00Q0,Shipped
SHIP0095,ORD0061,STANDARD SHIPPING,2023-01-31,BAEWCFHQCW76,processing
SHIP0096,ORD0283,Overnight Delivery,2023-01-01,ZP7G7SIWJM2C,Out for Delivery
SHIP0097,ORD0667,Standard Shipping,2023-01-03,NRWZC4XL9967,Returned to Sender
SHIP0098,ORD0553,Standard Shipping,2023-01-06,L8V1ZOCFI4O6,Returned to Sender
SHIP0099,ORD0055,Express Shipping,2023-01-27,VWV8LW2QITNG,Out for Delivery
SHIP0100,ORD0158,Express Shipping,2023-01-24,MD7Q1DDPUSDD,Delivered
SHIP0101,ORD0086,Pickup Point,2023-01-29,ISYGJJFGJK2N,Returned to Sender
SHIP0102,ORD0406,Pickup Point,2023-01-13,LM349EL8HL88,Returned to Sender
SHIP0103,ORD0403,Pickup Point,2023-01-07,TYT8QZPKY32O,Returned to Sender
SHIP0104,ORD0458,Same Day Delivery,2023-01-19,S7YT2M6TWD1X,Returned to Sender
SHIP0105,ORD0341,Same Day Delivery,2023-01-04,,Delivered
SHIP0106,ORD0473,Pickup Point,2023-01-23,MADO8E7FLQHR,Out for Delivery
SHIP0107,ORD0024,Standard Shipping,2023-01-22,70STLPQ2WGXO,SHIPPED
SHIP0108,ORD0287,Standard Shipping,2023-01-19,5GLQJ5SXVWVM,Delivered
SHIP0109,ORD0686,Standard Shipping,2023-01-08,GYSPENGWYX9T,Shipped
SHIP0110,ORD0494,Same Day Delivery,2023-01-31,XORZPGU2HBIK,Delivered
SHIP0111,ORD0553,Overnight Delivery,2023-01-18,BZT9D31K9QM3,Processing
SHIP0112,ORD0725,Same Day Delivery,2023-01-06,232UTVG9KU8S,Processing
SHIP0113,ORD0669,Express Shipping,2023-01-08,LI4OFWWNC21O,Returned to Sender
SHIP0113,ORD0669,Express Shipping,2023-01-08,LI4OFWWNC21O,Returned to Sender
SHIP0114,ORD0748,Same Day Delivery,2023-01-21,MCTHPHJ3MUUR,Returned to Sender
SHIP0114,ORD0748,Same Day Delivery,2023-01-21,MCTHPHJ3MUUR,Returned to Sender
SHIP0115,ORD0162,Standard Shipping,2023-01-31,965K55DMCXXB,Returned to Sender
SHIP0115,ORD0162,Standard Shipping,2023-01-31,965K55DMCXXB,Returned to Sender
SHIP0116,ORD0487,Pickup Point,2023-01-08,QAME4YRID3DN,Out for Delivery
SHIP0117,ORD0540,Pickup Point,2023-01-21,MH07WPH6FE0M,Shipped
SHIP0118,ORD0293,Standard Shipping,2023-01-28,5HVGOX22INIW,Processing
SHIP0119,ORD0376,Express Shipping,2023-01-25,9CVAH78OKZ1P,Returned to Sender
SHIP0120,ORD0209,Express Shipping,2023-01-18,V1XXLP8II7EW,Returned to Sender
SHIP0121,ORD0168,Overnight Delivery,2023-01-17,3JN050E6MPSJ,Returned to Sender
SHIP0122,ORD0378,Standard Shipping,2023-01-29,0ISB5IQNF74T,Returned to Sender
SHIP0123,ORD0079,Standard Shipping,2023-01-17,BISBO551LDQN,In Transit
SHIP0124,ORD0201,Pickup Point,2023-01-25,F7ATWYAM1N0L,Shipped
SHIP0125,ORD0045,Pickup Point,2023-01-14,N9DDE3CUP8IJ,Out for Delivery
SHIP0126,ORD0208,Pickup Point,2023-01-04,FQOT8HLJEFY3,Processing
SHIP0127,ORD0406,Overnight Delivery,2023-01-09,G84UTDD2EC2I,Out for Delivery
SHIP0128,ORD0076,,2023-01-03,X3D43E7B7P0R,Out for Delivery
SHIP0129,ORD0288,Express Shipping,2023-01-02,WXR5RDNPX2I9,Processing
SHIP0130,ORD0575,Same Day Delivery,2023-01-09,LH62C9T199DX,Returned to Sender
SHIP0131,ORD0365,Express Shipping,2023-01-06,L0MVZMUF8438,Shipped
SHIP0132,ORD0001,Pickup Point,2023-01-07,MG25CFZFDSNC,Returned to Sender
SHIP0133,ORD0446,Same Day Delivery,2023-01-21,ZU6WMX3N0KGA,Delivered
SHIP0134,ORD0623,Pickup Point,2023-01-04,F0I9G5DZX5QJ,Processing
SHIP0135,ORD0430,Same Day Delivery,2023-01-16,MN32U1IQ2BAJ,In Transit
SHIP0136,ORD0095,Pickup Point,2023-01-29,B7F6FDHGZZ0J,Shipped
SHIP0137,ORD0004,Overnight Delivery,2023-01-27,VHAGKC4LORXD,Shipped
SHIP0138,ORD0270,Overnight Delivery,2023-01-19,1YDMT8VT43PT,Out for Delivery
SHIP0139,ORD0036,Pickup Point,2023-01-26,9F8Q8GHGBCYH,Shipped
SHIP0140,ORD0398,Pickup Point,2023-01-11,S7AZV2EFUU8D,Processing
SHIP0141,ORD0668,Pickup Point,2023-01-16,,Shipped
SHIP0142,ORD0705,Same Day Delivery,2023-01-30,NM2L44Y9IK01,Returned to Sender
SHIP0143,ORD0494,Overnight Delivery,2023-01-27,2CZO2SUG5HCB,In Transit
SHIP0144,ORD0127,Express Shipping,2023-01-12,Q8RTM4J3DAB4,Shipped
SHIP0145,ORD0021,Standard Shipping,2023-01-16,XVAJ2K8XPNMJ,returned to sender
SHIP0146,ORD0384,Pickup Point,2023-01-20,YRMJLJX8XGSI,Delivered
SHIP0147,ORD0304,Same Day Delivery,2023-01-13,BZUG0IT26YS4,Delivered
SHIP0148,ORD0188,Overnight Delivery,2023-01-21,M0L2LJK4Q5V7,Shipped
SHIP0149,ORD0155,Express Shipping,2023-01-11,U6QLZ2RWGWAJ,Shipped
SHIP0150,ORD0444,Same Day Delivery,2023-01-14,NBHNAL3GYWIY,Shipped
SHIP0151,ORD0299,Pickup Point,2023-01-20,PYE9R1F63AI9,Processing
SHIP0152,ORD0653,Pickup Point,2023-01-20,,Returned to Sender
SHIP0153,ORD0127,Same Day Delivery,2023-01-23,ZWKXXJVE3DZE,Processing
SHIP0154,ORD0368,Overnight Delivery,2023-01-06,,shipped
SHIP0155,ORD0114,Same Day Delivery,2023-01-05,2C06XQ9JB354,Returned to Sender
SHIP0156,ORD0142,Express Shipping,2023-01-11,PW5D3GO8JN42,Shipped
SHIP0157,ORD0427,Same Day Delivery,2023-01-26,PW2W5506RR5P,Returned to Sender
SHIP0158,ORD0574,Overnight Delivery,2023-01-17,ZDXIMYN4U9BX,Out for Delivery
SHIP0159,ORD0286,Express Shipping,2023-01-18,OIQ2Q4QERXDO,Processing
SHIP0160,ORD0571,Same Day Delivery,2023-01-31,334L1VZNQDXA,Returned to Sender
SHIP0161,ORD0169,Same Day Delivery,2023-01-04,HE4H3GM1BWYE,Out for Delivery
SHIP0162,ORD0050,Same Day Delivery,2023-01-27,726YG3DXVL5P,Returned to Sender
SHIP0163,ORD0137,Pickup Point,2023-01-23,S4TL0THHZY7E,Shipped
SHIP0164,ORD0489,Same Day Delivery,2023-01-22,4K43SAFYH1FK,Processing
SHIP0165,ORD0105,Pickup Point,2023-01-28,XNS2ZYBNO2Y8,Returned to Sender
SHIP0166,ORD0645,Overnight Delivery,2023-01-25,0H0GQ9C80EBK,Shipped
SHIP0167,ORD0158,Pickup Point,2023-01-02,W4K2TCZS8S2F,Out for Delivery
SHIP0168,ORD0224,Pickup Point,2023-01-17,U1XEMIX7IB5N,Processing
SHIP0169,ORD0384,Pickup Point,2023-01-15,KXLCD81TWHWH,Processing
SHIP0170,ORD0073,EXPRESS SHIPPING,2023-01-01,LDB2UUIJNWPA,Delivered
SHIP0171,ORD0047,Standard Shipping,2023-01-12,D2KD1POXRTEO,Delivered
SHIP0172,ORD0744,Standard Shipping,2023-01-18,FBUOTDH00H64,Shipped
SHIP0173,ORD0056,Pickup Point,2023-01-15,CYJHU8MYIKCG,In Transit
SHIP0174,ORD0325,Express Shipping,2023-01-01,2ZXJMYLRQ1RD,Processing
SHIP0175,ORD0638,Standard Shipping,2023-01-29,,Processing
SHIP0176,ORD0267,Pickup Point,2023-01-16,FO6V4ESDNAI8,Returned to Sender
SHIP0177,ORD0673,Express Shipping,2023-01-24,7B1IJIYS2N75,
SHIP0178,ORD0645,OVERNIGHT DELIVERY,2023-01-19,GXNX4SN6SM5R,Delivered
SHIP0179,ORD0524,Express Shipping,2023-01-05,NZEI3ZRRHF4A,
SHIP0180,ORD0041,Express Shipping,2023-01-02,7SO8W5038HVQ,Shipped
SHIP0181,ORD0673,Express Shipping,2023-01-24,7VCNEAS6Y3VG,Delivered
SHIP0182,ORD0134,Pickup Point,2023-01-27,,Returned to Sender
SHIP0183,ORD0235,Same Day Delivery,2023-01-26,M264UPJ16DVT,Processing
SHIP0183,ORD0235,Same Day Delivery,2023-01-26,M264UPJ16DVT,Processing
SHIP0184,ORD0668,Overnight Delivery,2023-01-14,FXJ4PNJY1O2R,Delivered
SHIP0185,ORD0142,Standard Shipping,2023-01-24,28DS22WYBOW2,Out for Delivery
SHIP0186,ORD0039,Same Day Delivery,2023-01-20,K8C1GRA47SH2,Returned to Sender
SHIP0186,ORD0039,Same Day Delivery,2023-01-20,K8C1GRA47SH2,Returned to Sender
SHIP0187,ORD0162,Overnight Delivery,2023-01-25,YOHAZ7T0UUM3,SHIPPED
SHIP0188,ORD0516,Standard Shipping,2023-01-17,82853UY8U118,Out for Delivery
SHIP0189,ORD0226,Express Shipping,2023-01-26,8SA3IDY3C7RM,In Transit
SHIP0190,ORD0241,Overnight Delivery,2023-01-07,44M2EC8RA484,In Transit
SHIP0191,ORD0521,Express Shipping,2023-01-25,B2RTSOYG9ZQY,
SHIP0192,ORD0624,Express Shipping,2023-01-18,J8MGPP1NOQU9,Processing
SHIP0193,ORD0154,Standard Shipping,2023-01-06,E6WTLRJ4BDFH,Returned to Sender
SHIP0194,ORD0264,Same Day Delivery,2023-01-04,YVUXT9KLS1QC,Out for Delivery
SHIP0195,ORD0643,Same Day Delivery,2023-01-28,CMLXZVO5270S,Shipped
SHIP0196,ORD0715,Express Shipping,2023-01-06,D7RB1S9DWD7O,Returned to Sender
SHIP0197,ORD0677,Overnight Delivery,2023-01-28,9TJQ8ZGVWWUS,In Transit
SHIP0198,ORD0423,Overnight Delivery,2023-01-01,,SHIPPED
SHIP0199,ORD0487,Same Day Delivery,2023-01-26,IANOUOF0ONJP,Delivered
SHIP0200,ORD0423,Standard Shipping,2023-01-06,DQQZRLF8A9KE,Processing
SHIP0201,ORD0508,Same Day Delivery,2023-01-23,L48C1CQG433E,Shipped
SHIP0202,ORD0750,Pickup Point,2023-01-22,RYLLWB7SJWH5,shipped
SHIP0203,ORD0596,Express Shipping,2023-01-01,UYYF1IRYM81C,Shipped
SHIP0204,ORD0658,Same Day Delivery,2023-01-24,YME6RPKZGGM0,Delivered
SHIP0205,ORD0270,Same Day Delivery,2023-01-01,S05WNWLC83GY,Shipped
SHIP0206,ORD0068,,2023-01-31,5HRDU4XSZJNV,Shipped
SHIP0207,ORD0478,Standard Shipping,2023-01-12,7ONZ3JBCK88D,Delivered
SHIP0208,ORD0567,Same Day Delivery,2023-01-24,WMQX5GGOMF9P,In Transit
SHIP0209,ORD0741,Express Shipping,2023-01-19,NT0MQ8ABKAE6,
SHIP0210,ORD0704,Pickup Point,2023-01-17,7FBMENUI3DO7,Returned to Sender
SHIP0211,ORD0098,Overnight Delivery,2023-01-02,UCC1M3O55IXV,
SHIP0212,ORD0043,Pickup Point,2023-01-05,ZFY981UDP2FM,Returned to Sender
SHIP0213,ORD0134,Same Day Delivery,2023-01-18,OUU9SIJPYUEO,Shipped
SHIP0214,ORD0628,Same Day Delivery,2023-01-20,B3HN14EB8753,
SHIP0215,ORD0024,Pickup Point,2023-01-07,SJR0FZAUXBGK,Delivered
SHIP0216,ORD0676,Overnight Delivery,2023-01-28,K5N9SZ6RVDH8,Returned to Sender
SHIP0217,ORD0161,,2023-01-22,WI9S3W563BTK,Out for Delivery
SHIP0218,ORD0692,Express Shipping,2023-01-14,F86LTHET25LZ,Shipped
SHIP0219,ORD0162,Pickup Point,2023-01-18,EL5015OOP767,Shipped
SHIP0220,ORD0576,Pickup Point,2023-01-08,AC2E4QXGNRFI,Processing
SHIP0221,ORD0210,Same Day Delivery,2023-01-28,Y55P1V3ZO7UT,Returned to Sender
SHIP0222,ORD0252,Same Day Delivery,2023-01-24,,Returned to Sender
SHIP0223,ORD0294,Same Day Delivery,2023-01-10,BSF3Q0E27ZEO,Shipped
SHIP0224,ORD0333,Express Shipping,2023-01-23,DZWDZ09WFTBG,Returned to Sender
SHIP0225,ORD0317,Same Day Delivery,2023-01-10,EEHWJQ4TA5IV,OUT FOR DELIVERY
SHIP0226,ORD0286,Pickup Point,2023-01-27,BFXB4Y4K7BPG,Delivered
SHIP0227,ORD0590,Standard Shipping,2023-01-03,L6314CQE4LOH,Processing
SHIP0228,ORD0703,Overnight Delivery,2023-01-14,LS9MEUSWRGVZ,Processing
SHIP0229,ORD0627,Same Day Delivery,2023-01-02,UWAHK2LSLAYM,Delivered
SHIP0230,ORD0488,Standard Shipping,2023-01-21,FQ56Q37CSUYT,
SHIP0231,ORD0364,Express Shipping,2023-01-09,MNTFVGE2L4ZJ,Shipped
SHIP0232,ORD0384,Express Shipping,2023-01-30,S26FMR5LL1D9,Shipped
SHIP0233,ORD0320,Pickup Point,2023-01-28,QBSXLUL6LGJL,Processing
SHIP0234,ORD0105,Overnight Delivery,2023-01-18,FZKICWMPEQYD,Out for Delivery
SHIP0235,ORD0455,Overnight Delivery,2023-01-11,ZYT91QE37QQY,Out for Delivery
SHIP0236,ORD0374,Overnight Delivery,2023-01-26,LRCER4KMUSOZ,Delivered
SHIP0237,ORD0632,Express Shipping,2023-01-16,M3V2P2TIXC7U,Delivered
SHIP0238,ORD0416,Standard Shipping,2023-01-22,1NRXD356WAFF,Out for Delivery
SHIP0239,ORD0693,Same Day Delivery,2023-01-23,MDA9OEKNTBZ3,In Transit
SHIP0240,ORD0392,Same Day Delivery,2023-01-18,GFT4MPK5EAXF,Returned to Sender
SHIP0241,ORD0465,Pickup Point,2023-01-30,GSTQMGVU4ISO,In Transit
SHIP0242,ORD0705,pickup point,2023-01-28,2QC6DR08CW2L,In Transit
SHIP0243,ORD0341,Overnight Delivery,2023-01-10,ZVK2JWUUXK0A,Shipped
SHIP0244,ORD0264,,2023-01-04,60XNG2IGSB98,Shipped
SHIP0245,ORD0393,Same Day Delivery,2023-01-24,H0MX1EGOK01T,Returned to Sender
SHIP0246,ORD0458,Overnight Delivery,2023-01-31,8DTM4VXJJ2JV,Returned to Sender
SHIP0247,ORD0704,Overnight Delivery,2023-01-18,,
SHIP0248,ORD0699,Express Shipping,2023-01-24,GAD7X48WZE4E,Returned to Sender
SHIP0249,ORD0477,Standard Shipping,2023-01-21,91YY1J2JCN9J,Shipped
SHIP0250,ORD0501,Pickup Point,2023-01-25,WDPJBC01ARXA,
SHIP0251,ORD0401,Pickup Point,2023-01-23,RP422TA83RU7,Returned to Sender
SHIP0252,ORD0350,Same Day Delivery,2023-01-25,XGBNGZ6WMDW0,Shipped
SHIP0253,ORD0656,Pickup Point,2023-01-31,Q9BC2BE3YQY5,Delivered
SHIP0253,ORD0656,Pickup Point,2023-01-31,Q9BC2BE3YQY5,Delivered
SHIP0254,ORD0630,,2023-01-23,AW63DW4C3EVW,Shipped
SHIP0255,ORD0692,Standard Shipping,2023-01-22,E421VMEFOZTP,Processing
SHIP0256,ORD0496,Standard Shipping,2023-01-06,ZVKY2REFJQIG,Delivered
SHIP0257,ORD0358,Pickup Point,2023-01-08,99W59SQWHBEF,Out for Delivery
SHIP0258,ORD0215,Overnight Delivery,2023-01-20,1B07G2RE6ZVL,Returned to Sender
SHIP0259,ORD0423,Same Day Delivery,2023-01-29,QR6F7QNEZW9H,Returned to Sender
SHIP0260,ORD0353,Overnight Delivery,2023-01-20,286UTIOS5HRQ,
SHIP0261,ORD0444,Pickup Point,2023-01-31,UA9BQ1BTR23Q,Delivered
SHIP0262,ORD0245,Standard Shipping,2023-01-01,KZ40AQ15O2NQ,Returned to Sender
SHIP0263,ORD0277,Pickup Point,2023-01-18,HYWM7S6NBNQB,Returned to Sender
SHIP0264,ORD0245,Same Day Delivery,2023-01-24,U8H0IMJYJCMR,Processing
SHIP0265,ORD0378,Standard Shipping,2023-01-07,QC6K8DJZR5SW,Returned to Sender
SHIP0266,ORD0300,Standard Shipping,2023-01-28,4SMUX2RXTTQU,In Transit
SHIP0267,ORD0049,Overnight Delivery,2023-01-15,WFTGGZ62FE9U,In Transit
SHIP0268,ORD0382,Express Shipping,2023-01-18,7ORFQLA09LZR,Delivered
SHIP0269,ORD0116,Standard Shipping,2023-01-05,EAWHMLVHS21H,Out for Delivery
SHIP0270,ORD0614,Standard Shipping,2023-01-30,OZPNAMLQUH50,Out for Delivery
SHIP0271,ORD0143,Pickup Point,2023-01-03,K9SM7VNAWJGQ,Shipped
SHIP0272,ORD0311,Overnight Delivery,2023-01-16,QAAJ84RX6PRY,Processing
SHIP0273,ORD0490,Overnight Delivery,2023-01-21,93N0AJUFQYMB,Returned to Sender
SHIP0274,ORD0524,Express Shipping,2023-01-25,1T53YKYYDU3A,In Transit
SHIP0275,ORD0513,Express Shipping,2023-01-26,W3STT1EQC37R,In Transit
SHIP0276,ORD0177,Standard Shipping,2023-01-24,I4FIEECY2C11,
SHIP0277,ORD0061,Overnight Delivery,2023-01-02,Y127H6GMD478,Shipped
SHIP0278,ORD0590,Pickup Point,2023-01-07,8G1A0774RZGY,In Transit
SHIP0279,ORD0323,Standard Shipping,2023-01-17,1ZUBLEKVL9PT,Out for Delivery
SHIP0280,ORD0184,,2023-01-22,DPXDFOVD79C9,Delivered
SHIP0281,ORD0434,Overnight Delivery,2023-01-25,UJ2XORVORK1D,Out for Delivery
SHIP0282,ORD0508,Express Shipping,2023-01-13,LKW1XSRQKRST,Delivered
SHIP0283,ORD0393,Same Day Delivery,2023-01-15,BU4KZREZRDYX,Delivered
SHIP0284,ORD0603,Pickup Point,2023-01-22,9LBB4M0A6MDM,In Transit
SHIP0285,ORD0702,Overnight Delivery,2023-01-04,ALQ5U6JZV9NO,Out for Delivery
SHIP0286,ORD0349,Overnight Delivery,2023-01-12,HW9C4HJKU2W8,Delivered
SHIP0287,ORD0215,Standard Shipping,2023-01-21,SKXLOJSYT5WS,Out for Delivery
SHIP0288,ORD0542,Same Day Delivery,2023-01-30,WSNFFYKPL3CH,In Transit
SHIP0289,ORD0197,,2023-01-26,QUPXBFEJ2XG4,Out for Delivery
SHIP0290,ORD0323,Standard Shipping,2023-01-29,6Y5O44IUSEXU,Delivered
SHIP0291,ORD0339,Same Day Delivery,2023-01-26,IPFG8PJVRN8L,Returned to Sender
SHIP0292,ORD0378,Standard Shipping,2023-01-21,V4X7Y2ITL8N3,Shipped
SHIP0293,ORD0262,Express Shipping,2023-01-10,66W51OB537QO,Returned to Sender
SHIP0294,ORD0067,Pickup Point,2023-01-24,0QABXW2EOWLC,Delivered
SHIP0295,ORD0421,Overnight Delivery,2023-01-15,0JY32HOG585I,Delivered
SHIP0296,ORD0716,Standard Shipping,2023-01-13,VF8GUAS173RI,In Transit
SHIP0297,ORD0291,Express Shipping,2023-01-14,2B9IQIUXDQ59,Shipped
SHIP0298,ORD0061,Express Shipping,2023-01-16,978V0BJWKON8,Delivered
SHIP0299,ORD0091,Pickup Point,2023-01-14,EBE5407K5W1J,Shipped
SHIP0300,ORD0671,Same Day Delivery,2023-01-02,BGQFQE6RP9UQ,Returned to Sender
SHIP0301,ORD0173,Overnight Delivery,2023-01-19,VV8SUOC1Y5AY,Out for Delivery
SHIP0302,ORD0470,Same Day Delivery,2023-01-15,JXLBWQ8962E5,In Transit
SHIP0303,ORD0409,Express Shipping,2023-01-31,OAHNOX8FK207,Delivered
SHIP0304,ORD0398,Pickup Point,2023-01-20,13WPPBMQIYFR,Delivered
SHIP0305,ORD0131,Overnight Delivery,2023-01-27,PUT7SSOQZ3MV,Processing
SHIP0306,ORD0085,overnight delivery,2023-01-11,QYWJ85GG0V5D,Processing
SHIP0307,ORD0671,Pickup Point,2023-01-24,W9MYYOKEAEA8,Shipped
SHIP0308,ORD0548,Overnight Delivery,2023-01-25,RAFFZ8Q4VHU4,Processing
SHIP0309,ORD0590,Pickup Point,2023-01-10,,Delivered
SHIP0310,ORD0729,Standard Shipping,2023-01-14,TJX6EWXQPF0Q,Delivered
SHIP0311,ORD0670,Overnight Delivery,2023-01-24,83Y0224WK0YE,Delivered
SHIP0312,ORD0566,,2023-01-01,JYG4S3MEIUR9,Processing
SHIP0313,ORD0704,Pickup Point,2023-01-22,B828192V4DUS,Processing
SHIP0314,ORD0516,Standard Shipping,2023-01-05,ME4PO1I3MSDN,In Transit
SHIP0315,ORD0142,Same Day Delivery,2023-01-30,Q42NBFA37DL9,Processing
INVALID,ORD0643,Pickup Point,2023-01-10,5Z5ZLM36VFOX,Delivered
SHIP0317,ORD0415,Overnight Delivery,2023-01-03,,Returned to Sender
SHIP0318,ORD0521,Pickup Point,2023-01-11,FB2VI109DCNW,Processing
SHIP0318,ORD0521,Pickup Point,2023-01-11,FB2VI109DCNW,Processing
SHIP0319,ORD0349,Pickup Point,2023-01-19,7X4IKY3UFN0D,Shipped
SHIP0320,ORD0083,Same Day Delivery,2023-01-29,HCYOU25VW9Y8,Out for Delivery
SHIP0321,ORD0719,Pickup Point,2023-01-04,QBFU7E4DNKSE,In Transit
SHIP0322,ORD0050,Overnight Delivery,2023-01-29,G0ATCBRLQMN4,Shipped
SHIP0323,ORD0743,Pickup Point,2023-01-22,N6MBYPJDFAW1,Returned to Sender
SHIP0324,ORD0055,Pickup Point,2023-01-07,SAXT8JH34UDT,Delivered
SHIP0325,ORD0537,Overnight Delivery,2023-01-03,DGFJDLOGWLAC,In Transit
SHIP0326,ORD0054,Pickup Point,2023-01-19,SS8JLTCBW6AT,Processing
SHIP0327,ORD0085,Pickup Point,2023-01-07,FTGI88TB38WX,Processing
SHIP0328,ORD0361,Express Shipping,2023-01-19,KFTCDZ3095HS,Returned to Sender
SHIP0329,ORD0676,Overnight Delivery,2023-01-07,VAYXAR6YO6Z1,Returned to Sender
SHIP0330,ORD0127,Same Day Delivery,2023-01-27,N439ENGA01YZ,Delivered
SHIP0331,ORD0038,Pickup Point,2023-01-07,,Returned to Sender
SHIP0332,ORD0673,Pickup Point,2023-01-19,V0E7450J4A8Y,Returned to Sender
SHIP0333,ORD0054,Overnight Delivery,2023-01-14,OESRSBZB7TLO,Delivered
SHIP0334,ORD0256,Overnight Delivery,2023-01-10,WBPA274IR833,Shipped
SHIP0335,ORD0590,Standard Shipping,2023-01-30,,Returned to Sender
SHIP0336,ORD0638,Standard Shipping,2023-01-22,B4OWO52WQQPW,Returned to Sender
SHIP0337,ORD0106,,2023-01-23,2GUWJP0QI2CL,Returned to Sender
SHIP0338,ORD0150,Overnight Delivery,2023-01-20,NAVYCS44PHH6,In Transit
SHIP0339,ORD0590,Overnight Delivery,2023-01-20,LD56R7WYQHR1,returned to sender
SHIP0339,ORD0590,Overnight Delivery,2023-01-20,LD56R7WYQHR1,returned to sender
SHIP0340,ORD0368,,2023-01-04,PW6M9HKHJG4I,Shipped
SHIP0341,ORD0691,Standard Shipping,2023-01-11,KI3X79955CF7,Shipped
SHIP0342,ORD0048,Pickup Point,2023-01-07,KFIWKESVR022,Shipped
SHIP0343,ORD0474,Overnight Delivery,2023-01-17,ZRJO7VBHH5OL,Delivered
SHIP0344,ORD0304,Overnight Delivery,2023-01-08,QWPQO2LNGIXM,Delivered
SHIP0345,ORD0073,Pickup Point,2023-01-07,YJ014GVE4ZTJ,In Transit
SHIP0346,ORD0669,,2023-01-21,1FOI0RS210Q2,Shipped
SHIP0347,ORD0448,Pickup Point,2023-01-01,UE7A34MPYO2T,Processing
SHIP0348,ORD0577,Pickup Point,2023-01-30,59HOTGDUQ6DD,Processing
SHIP0349,ORD0396,Express Shipping,2023-01-10,CCSG4OFDTRC8,Shipped
SHIP0350,ORD0585,Pickup Point,2023-01-07,YJAFCO3S65QU,In Transit
SHIP0351,ORD0401,Express Shipping,2023-01-14,60Q6GUO8I5JW,Processing
SHIP0352,ORD0562,OVERNIGHT DELIVERY,2023-01-03,S2OFHBAWYQMO,Processing
SHIP0353,ORD0474,Standard Shipping,2023-01-03,I8F34GADKTOC,Returned to Sender
SHIP0354,ORD0542,Standard Shipping,2023-01-27,SXXDYPVBNHI6,Processing
SHIP0355,ORD0226,Standard Shipping,2023-01-26,X0BS3LWW7OPI,In Transit
SHIP0356,ORD0067,Overnight Delivery,2023-01-21,B5O1R9Z27UJD,Returned to Sender
SHIP0357,ORD0647,Overnight Delivery,2023-01-28,CA6QS0SZAA1E,Out for Delivery
SHIP0358,ORD0156,Standard Shipping,2023-01-08,V80LKX1S9XKA,In Transit
SHIP0359,ORD0701,Express Shipping,2023-01-20,SGWCR8B97EGT,Shipped
SHIP0360,ORD0251,PICKUP POINT,2023-01-08,U8H5R8MNQPVP,Out for Delivery
SHIP0361,ORD0309,Express Shipping,2023-01-18,JQQNVCEQFGAS,Out for Delivery
SHIP0362,ORD0317,Pickup Point,2023-01-03,B7NUGPJ60SRY,Returned to Sender
SHIP0363,ORD0372,Standard Shipping,2023-01-23,FV7FIUXFEDZN,Processing
SHIP0364,ORD0311,Pickup Point,2023-01-22,V0175DU23JH0,PROCESSING
SHIP0365,ORD0711,Same Day Delivery,2023-01-21,PGGERSDUHH03,Out for Delivery
SHIP0366,ORD0087,Overnight Delivery,2023-01-03,VRYDC1AU9DSA,In Transit
SHIP0367,ORD0353,Express Shipping,2023-01-31,OV953A5O47AE,Returned to Sender
SHIP0368,ORD0525,Express Shipping,2023-01-01,83AMB3LPVOWC,Out for Delivery
SHIP0369,ORD0200,Pickup Point,2023-01-29,4SE2KYT5GQEX,Shipped
SHIP0370,ORD0030,Overnight Delivery,2023-01-29,KZX8YX7WR2LI,Delivered
SHIP0371,ORD0667,Pickup Point,2023-01-31,3IEDD070EN48,Processing
SHIP0372,ORD0375,Express Shipping,2023-01-17,VDA4L3KHYFK0,Returned to Sender
SHIP0373,ORD0721,Express Shipping,2023-01-16,8C3FZ47I0714,In Transit
SHIP0374,ORD0347,Same Day Delivery,2023-01-12,OTKZH4OE1U24,Out for Delivery
SHIP0375,ORD0215,Express Shipping,2023-01-24,N4D24N9YGCMR,Processing
SHIP0376,ORD0414,Standard Shipping,2023-01-08,KVG019YDQ3NW,Processing
SHIP0377,ORD0024,Pickup Point,2023-01-16,02GRXPUDC62G,Processing
SHIP0378,ORD0596,Standard Shipping,2023-01-25,86GVGT2EEHFU,Processing
SHIP0379,ORD0671,,2023-01-10,,In Transit
SHIP0380,ORD0709,Overnight Delivery,2023-01-20,HD3IGK38VHME,Processing
SHIP0381,ORD0261,Express Shipping,2023-01-18,WJWXZUXSF3L2,Delivered
SHIP0382,ORD0339,Overnight Delivery,2023-01-30,J5IAN8ND7G0L,Out for Delivery
SHIP0383,ORD0102,Express Shipping,2023-01-11,OM08TV4REASF,Out for Delivery
SHIP0384,ORD0256,Same Day Delivery,2023-01-23,PMQK8SZ7IWDL,Processing
SHIP0385,ORD0086,PICKUP POINT,2023-01-30,58PS0RS95ZOW,Returned to Sender
SHIP0386,ORD0675,Pickup Point,2023-01-22,V8Y5SIC4S8PN,Processing
SHIP0387,ORD0299,Overnight Delivery,2023-01-09,0UHK7X3BQWRM,In Transit
SHIP0388,ORD0010,Same Day Delivery,2023-01-07,SFERFXIOKPG3,Out for Delivery
SHIP0388,ORD0010,Same Day Delivery,2023-01-07,SFERFXIOKPG3,Out for Delivery
SHIP0389,ORD0724,Express Shipping,2023-01-10,,Returned to Sender
SHIP0390,ORD0273,Same Day Delivery,2023-01-18,YE12O003E82E,Processing
SHIP0391,ORD0009,Overnight Delivery,2023-01-10,1IFSI159I3HZ,Returned to Sender
SHIP0392,ORD0153,Express Shipping,2023-01-13,,Shipped
SHIP0393,ORD0315,Express Shipping,2023-01-08,RSXKJKMPLBBB,Shipped
SHIP0394,ORD0501,Overnight Delivery,2023-01-04,AT5L0N2TNXHN,Shipped
SHIP0395,ORD0196,Same Day Delivery,2023-01-30,7WKR1TFEPZ61,Delivered
SHIP0396,ORD0069,Pickup Point,2023-01-30,2GJ8K8C9G3RT,Processing
SHIP0397,ORD0279,Standard Shipping,2023-01-06,VA7SSZJ4KJEI,In Transit
SHIP0398,ORD0053,Express Shipping,2023-01-27,EXW8L85JE6K9,Processing
SHIP0399,ORD0547,Pickup Point,2023-01-04,Y8JWVHPLHW4O,Returned to Sender
SHIP0400,ORD0190,Express Shipping,2023-01-07,7GKL53YGFPQX,Returned to Sender
SHIP0401,ORD0022,Standard Shipping,2023-01-25,7E1J7V2A2T34,Shipped
SHIP0402,ORD0159,Pickup Point,2023-01-23,TABTD5OAIINM,Returned to Sender
SHIP0403,ORD0113,Overnight Delivery,2023-01-12,MM7DBFPMGP6Y,In Transit
SHIP0404,ORD0726,Standard Shipping,2023-01-28,FXLOZ2RCU8KD,Shipped
SHIP0405,ORD0613,Overnight Delivery,2023-01-05,XIPRTT3NUPUY,Returned to Sender
SHIP0406,ORD0484,Standard Shipping,2023-01-02,M42FQ4T7PHI0,Returned to Sender
SHIP0407,ORD0716,Pickup Point,2023-01-03,VFFFIA3O1QFS,Out for Delivery
SHIP0408,ORD0160,Standard Shipping,2023-01-20,SA3Y5T37SZPF,Delivered
SHIP0409,ORD0402,Pickup Point,2023-01-20,3QLX3F2XHDCV,Processing
SHIP0409,ORD0402,Pickup Point,2023-01-20,3QLX3F2XHDCV,Processing
SHIP0410,ORD0318,Express Shipping,2023-01-21,IDUB9RBDL918,In Transit
SHIP0411,ORD0418,Pickup Point,2023-01-04,1A2R5BFYCW8I,Returned to Sender
SHIP0412,ORD0744,pickup point,2023-01-30,QEKW7BZYI9V8,Out for Delivery
SHIP0413,ORD0089,Same Day Delivery,2023-01-11,KCUMCZQ991P7,Delivered
SHIP0414,ORD0694,Overnight Delivery,2023-01-17,8NYSJ5YWX0I3,
SHIP0415,ORD0409,Express Shipping,2023-01-13,YMQT3DGD8OPO,In Transit
SHIP0416,ORD0040,Same Day Delivery,2023-01-05,LBVN7NPRB58Y,Returned to Sender
SHIP0417,ORD0461,Pickup Point,2023-01-07,J3D6M1FMPRYF,In Transit
SHIP0418,ORD0204,PICKUP POINT,2023-01-20,X3030A67RL2Y,Returned to Sender
SHIP0419,ORD0459,Pickup Point,2023-01-04,,Shipped
SHIP0420,ORD0196,Pickup Point,2023-01-31,,Processing
SHIP0421,ORD0465,Overnight Delivery,2023-01-12,P9M7QNTFPKXY,Returned to Sender
SHIP0422,ORD0107,Standard Shipping,2023-01-20,D0WTWS3Y4H1T,Out for Delivery
SHIP0423,ORD0658,Same Day Delivery,2023-01-01,2SJXL66YA6BA,Delivered
SHIP0424,ORD0248,Same Day Delivery,2023-01-07,OB7P7O0OLFIZ,Processing
SHIP0425,ORD0562,Overnight Delivery,2023-01-07,AA1FWT9UA09W,Shipped
SHIP0426,ORD0388,Standard Shipping,2023-01-09,FA95D7EFJGC4,Shipped
SHIP0427,ORD0078,Same Day Delivery,2023-01-13,WQFK6XW4EMM9,Processing
SHIP0428,ORD0024,Express Shipping,2023-01-07,EHLH07JR8MTK,Out for Delivery
SHIP0429,ORD0732,Same Day Delivery,2023-01-04,1L28R5P03WVP,In Transit
SHIP0430,ORD0260,Overnight Delivery,2023-01-20,X8MBGL2MCXN2,In Transit
SHIP0431,ORD0239,Same Day Delivery,2023-01-10,SDKV54C6P1LL,Out for Delivery
SHIP0432,ORD0336,Express Shipping,2023-01-19,,
SHIP0432,ORD0336,Express Shipping,2023-01-19,,
SHIP0433,ORD0471,Same Day Delivery,2023-01-02,7BXCD20J1OUL,Out for Delivery
SHIP0434,ORD0383,Standard Shipping,2023-01-01,3E950ID033TA,Processing
SHIP0435,ORD0339,Same Day Delivery,2023-01-09,7VELFV46WYSI,Out for Delivery
SHIP0436,ORD0305,Overnight Delivery,2023-01-18,IX4ZCRHYQNRM,Delivered
SHIP0437,ORD0514,Express Shipping,2023-01-08,NQWHOCPY8UDQ,Processing
SHIP0438,ORD0462,Standard Shipping,2023-01-30,MHOPMPNBN7GG,In Transit
SHIP0439,ORD0114,Standard Shipping,2023-01-29,,Processing
SHIP0440,ORD0403,Overnight Delivery,2023-01-16,2MKV0DSZRK6I,Processing
SHIP0441,ORD0438,Express Shipping,2023-01-09,G1AMRA5RBAYK,Delivered
SHIP0442,ORD0462,Overnight Delivery,2023-01-18,RNAMZ6146VEY,Processing
SHIP0443,ORD0032,Same Day Delivery,2023-01-12,D7NDJWT695G6,In Transit
SHIP0444,ORD0529,Pickup Point,2023-01-04,Q82K8RYQF8WX,In Transit
SHIP0445,ORD0127,Overnight Delivery,2023-01-01,XAJMK4X1FDJ9,Delivered
SHIP0446,ORD0692,Same Day Delivery,2023-01-13,DJKLUYLUYHET,Processing
SHIP0447,ORD0446,Pickup Point,2023-01-15,SYMMQ8Q6A1DF,Shipped
SHIP0448,ORD0055,Same Day Delivery,2023-01-05,A35QBB3XMDKR,Processing
SHIP0449,ORD0526,Same Day Delivery,2023-01-05,Y4KL9ARYEAVE,Shipped
SHIP0450,ORD0309,Express Shipping,2023-01-27,4JWPXEFAF0IS,Shipped
SHIP0451,ORD0681,Same Day Delivery,2023-01-23,Q3FKEOUBXXQ6,Shipped
SHIP0452,ORD0513,Pickup Point,2023-01-13,GFXUQ4F2X7C4,Out for Delivery
SHIP0453,ORD0266,Overnight Delivery,2023-01-19,MWOB4FDD7R19,Returned to Sender
SHIP0454,ORD0431,Standard Shipping,2023-01-20,B0PNWBGDQEWU,Out for Delivery
SHIP0455,ORD0197,Standard Shipping,2023-01-21,DBFA1U5MY80T,Shipped
SHIP0456,ORD0142,Same Day Delivery,2023-01-14,5UESDRBTA3K3,In Transit
SHIP0457,ORD0528,Pickup Point,2023-01-10,CZDQ7JBMJM1F,Returned to Sender
SHIP0458,ORD0573,Standard Shipping,2023-01-12,8VWCT8JBBSXP,Shipped
SHIP0459,ORD0389,Standard Shipping,2023-01-18,NNEZTEEW6MM7,Processing
INVALID,ORD0577,,2023-01-26,,Processing
SHIP0461,ORD0045,Pickup Point,2023-01-21,9EOXXC7HZ364,In Transit
SHIP0462,ORD0274,Pickup Point,2023-01-17,MO8RC64SKTE0,Processing
SHIP0463,ORD0508,Overnight Delivery,2023-01-09,K8C4NANPINXT,Processing
SHIP0464,ORD0269,Pickup Point,2023-01-07,M3PP00CDNZY4,Out for Delivery
SHIP0465,ORD0477,Express Shipping,2023-01-05,KYJ91KUBJJJX,Processing
SHIP0466,ORD0472,,2023-01-01,8R4HC7JVLCG1,Out for Delivery
SHIP0467,ORD0629,Express Shipping,2023-01-04,GSPLTI899A44,Processing
SHIP0468,ORD0243,Pickup Point,2023-01-12,YCPKAVM96N7K,
SHIP0469,ORD0603,,2023-01-20,LZ02Z7NUXF1X,Shipped
SHIP0470,ORD0749,Standard Shipping,2023-01-28,2VXSLHU6L29I,Processing
SHIP0471,ORD0569,Overnight Delivery,2023-01-21,I2I397I6YXV2,Processing
SHIP0472,ORD0203,Same Day Delivery,2023-01-01,P1ZQD54AGCST,Out for Delivery
SHIP0473,ORD0346,Pickup Point,2023-01-04,B0MQOQ4KREG1,Delivered
SHIP0474,ORD0389,Express Shipping,2023-01-17,K1IRBSSS7KN1,Processing
SHIP0475,ORD0585,Overnight Delivery,2023-01-04,FKRIG7JVDIKD,Delivered
SHIP0476,ORD0200,,2023-01-27,NK8PQEQ7Z7E5,Processing
SHIP0477,ORD0120,Standard Shipping,2023-01-24,0LSJWS1ZL7P7,In Transit
SHIP0478,ORD0639,,2023-01-05,5HHQRGREWDS0,Out for Delivery
SHIP0479,ORD0183,,2023-01-23,NVWRXGKIKR2O,Out for Delivery
SHIP0480,ORD0296,Same Day Delivery,2023-01-11,PG8XMOE545VY,
SHIP0481,ORD0419,Overnight Delivery,2023-01-09,O3PJBRHWBQH5,Returned to Sender
SHIP0482,ORD0737,,2023-01-13,Z61TXSNHFT4I,In Transit
SHIP0483,ORD0014,,2023-01-01,SS2BKAWYB03N,Returned to Sender
SHIP0484,ORD0514,Same Day Delivery,2023-01-01,,Delivered
SHIP0485,ORD0321,SAME DAY DELIVERY,2023-01-17,KQD8UNPIOKKZ,Out for Delivery
SHIP0486,ORD0556,Same Day Delivery,2023-01-08,A1QRDLFWDUH7,Processing
SHIP0487,ORD0239,Same Day Delivery,2023-01-09,04BYV5JHURR8,Out for Delivery
SHIP0488,ORD0108,Standard Shipping,2023-01-13,ASEH5E5RWSF5,Processing
SHIP0489,ORD0532,Overnight Delivery,2023-01-19,FSHWZSJQ77Z4,Delivered
SHIP0490,ORD0006,Express Shipping,2023-01-07,TLCQFMUIW7J3,Delivered
SHIP0491,ORD0654,Standard Shipping,2023-01-19,0KJD2V1L1VJ3,RETURNED TO SENDER
SHIP0492,ORD0222,Pickup Point,2023-01-05,RAC8E3PQK1IO,Returned to Sender
SHIP0493,ORD0220,Overnight Delivery,2023-01-23,PPZJE6XG541M,Delivered
SHIP0494,ORD0011,Overnight Delivery,2023-01-17,VL66SAJXXO9Z,Processing
SHIP0495,ORD0644,Express Shipping,2023-01-16,XTDNWZZG4C4E,Returned to Sender
SHIP0496,ORD0625,Overnight Delivery,2023-01-27,66G9ZNAXOYCG,Shipped
SHIP0497,ORD0515,Standard Shipping,2023-01-10,MMUZUQED0GV8,Processing
SHIP0498,ORD0695,Express Shipping,2023-01-24,EBZGFLIG5GKZ,Out for Delivery
SHIP0499,ORD0701,Standard Shipping,2023-01-31,NTHZM32HZS32,Shipped
SHIP0500,ORD0191,Same Day Delivery,2023-01-19,UX6LDM6FRM6G,Shipped
SHIP0501,ORD0586,Same Day Delivery,2023-01-16,JNMYK8516SP1,Out for Delivery
SHIP0502,ORD0712,Express Shipping,2023-01-31,1EL88L12QFAF,In Transit
SHIP0503,ORD0158,Overnight Delivery,2023-01-01,MQYZ6Y3Z1DE1,In Transit
SHIP0504,ORD0073,Pickup Point,2023-01-01,V1NM3V16XEGH,In Transit
SHIP0505,ORD0490,,2023-01-31,GOSD3M0XO3FE,Returned to Sender
SHIP0506,ORD0412,standard shipping,2023-01-10,0E36S2Z48EGP,Returned to Sender
SHIP0507,ORD0525,Same Day Delivery,2023-01-14,,Processing
SHIP0508,ORD0435,Overnight Delivery,2023-01-25,TGMALWVMB0ID,Returned to Sender
SHIP0509,ORD0629,Pickup Point,2023-01-19,CNF9W5N9C70P,
SHIP0510,ORD0081,Same Day Delivery,2023-01-31,GJKS4I2NR1P0,In Transit
SHIP0511,ORD0006,Standard Shipping,2023-01-26,EJV9LHALCKZ3,Returned to Sender
SHIP0512,ORD0329,Same Day Delivery,2023-01-05,0HZYJB48WUMH,In Transit
SHIP0513,ORD0596,Overnight Delivery,2023-01-19,9A9URI7EV4DH,Delivered
SHIP0514,ORD0559,Express Shipping,2023-01-14,K1WXYWWSTIO1,out for delivery
SHIP0515,ORD0474,Standard Shipping,2023-01-13,PPGBIVSCUOAV,Returned to Sender
SHIP0516,ORD0667,Pickup Point,2023-01-28,6Q0IQZHECBUQ,Out for Delivery
SHIP0517,ORD0615,Express Shipping,2023-01-08,8ABY595CPJZE,Returned to Sender
SHIP0518,ORD0408,Standard Shipping,2023-01-12,7WP2D41U2ZNX,Shipped
SHIP0519,ORD0724,Express Shipping,2023-01-25,KQ2ZUV1FKHNN,Returned to Sender
SHIP0520,ORD0709,Pickup Point,2023-01-10,JI4UFANS5SR6,Returned to Sender
SHIP0521,ORD0494,Pickup Point,2023-01-16,6A8MLIK22XMQ,Processing
SHIP0522,ORD0208,Standard Shipping,2023-01-13,8SJ84TC2QSI2,Returned to Sender
SHIP0523,ORD0273,Standard Shipping,2023-01-24,3C6SCIVUQT2L,Shipped
SHIP0524,ORD0609,Pickup Point,2023-01-01,5E51H3WQA1VR,Delivered
SHIP0525,ORD0351,Pickup Point,2023-01-17,P98RL9QFCPK7,Returned to Sender
SHIP0526,ORD0316,Overnight Delivery,2023-01-25,DKVUFF124VF8,Returned to Sender
SHIP0527,ORD0312,Overnight Delivery,2023-01-11,3LLU1A7BOXFQ,Returned to Sender
SHIP0528,ORD0437,Overnight Delivery,2023-01-18,HHS4DILRZQ8B,Returned to Sender
SHIP0529,ORD0061,Overnight Delivery,2023-01-09,PKQ5C9035VUU,In Transit
SHIP0530,ORD0023,Standard Shipping,2023-01-28,ZL46Q5GQQLYZ,Returned to Sender
SHIP0531,ORD0050,Standard Shipping,2023-01-30,NU985LTKMCCD,Processing
SHIP0532,ORD0621,Express Shipping,2023-01-25,Y3Q69FLGUQ20,Processing
SHIP0532,ORD0621,Express Shipping,2023-01-25,Y3Q69FLGUQ20,Processing
SHIP0533,ORD0332,Overnight Delivery,2023-01-28,YLQX1UM55F1H,Processing
SHIP0534,ORD0070,Overnight Delivery,2023-01-30,HKPJ7HME6P4N,Returned to Sender
SHIP0535,ORD0390,Standard Shipping,2023-01-03,SUSFH70M9OHD,out for delivery
SHIP0536,ORD0410,Standard Shipping,2023-01-12,LC8XIZX35A80,Processing
SHIP0537,ORD0709,Standard Shipping,2023-01-02,H0KW3PGSF3YN,Shipped
SHIP0538,ORD0633,Standard Shipping,2023-01-11,,Returned to Sender
SHIP0539,ORD0534,Standard Shipping,2023-01-01,IPC8QO6P43AR,In Transit
SHIP0540,ORD0487,Pickup Point,2023-01-07,S2FX0ZKWIJ0K,Out for Delivery
SHIP0541,ORD0135,Overnight Delivery,2023-01-22,0402W29AW4IO,
SHIP0542,ORD0589,Express Shipping,2023-01-15,TEK17M6J3RTX,In Transit
SHIP0543,ORD0553,Express Shipping,2023-01-15,EZEMQT788G35,SHIPPED
SHIP0544,ORD0364,Express Shipping,2023-01-19,S2NI8TNDFWW4,Shipped
SHIP0545,ORD0411,Pickup Point,2023-01-14,QE7AJUL7W8CO,Shipped
SHIP0546,ORD0659,Pickup Point,2023-01-07,MI8FO0VYHFJL,Delivered
SHIP0547,ORD0307,Pickup Point,2023-01-24,F51Z58B4JWPG,Out for Delivery
SHIP0548,ORD0610,Express Shipping,2023-01-28,RZPCD1406XLY,In Transit
SHIP0549,ORD0603,Overnight Delivery,2023-01-04,3RVUV5YBD4XD,Shipped
SHIP0550,ORD0041,Same Day Delivery,2023-01-28,5BO20P6HGWLK,Processing
SHIP0551,ORD0255,Standard Shipping,2023-01-11,9J2H1TLOM344,Delivered
SHIP0552,ORD0737,Same Day Delivery,2023-01-11,X1H4RMPNFGAG,Delivered
SHIP0553,ORD0710,Standard Shipping,2023-01-03,6X4FMMEN4052,Processing
SHIP0554,ORD0282,,2023-01-08,9IIXHAIAW4OT,Out for Delivery
SHIP0555,ORD0586,Same Day Delivery,2023-01-24,2N2PN7ITCYL3,Delivered
SHIP0556,ORD0545,Pickup Point,2023-01-08,ZXT9QUBWRP8G,Delivered
SHIP0557,ORD0364,Overnight Delivery,2023-01-19,6AVP1EOXLZKI,Delivered
SHIP0558,ORD0007,Standard Shipping,2023-01-23,V1CCOFH9194B,Returned to Sender
SHIP0559,ORD0397,Same Day Delivery,2023-01-23,4GLGPJDJHMXC,Processing
SHIP0560,ORD0383,Standard Shipping,2023-01-31,ALL2UNCGWRT9,Returned to Sender
SHIP0561,ORD0182,Same Day Delivery,2023-01-01,752E77DYVGDG,Delivered
SHIP0562,ORD0457,Pickup Point,2023-01-03,NI3GOM6736Z4,Delivered
SHIP0563,ORD0531,Pickup Point,2023-01-21,LQH7PPCADUVL,In Transit
SHIP0564,ORD0316,Pickup Point,2023-01-18,LBB8NMT3YPS4,Returned to Sender
SHIP0565,ORD0727,Express Shipping,2023-01-16,XA7HY7AI3399,In Transit
SHIP0566,ORD0265,SAME DAY DELIVERY,2023-01-22,5WH50JYOOK63,Delivered
SHIP0567,ORD0132,Express Shipping,2023-01-03,E6RGL7JY7OTK,Processing
SHIP0568,ORD0507,Pickup Point,2023-01-02,DI3G13IWPFVB,shipped
SHIP0569,ORD0257,Overnight Delivery,2023-01-15,XOFKCGGXP5CI,Delivered
SHIP0570,ORD0528,PICKUP POINT,2023-01-24,7NFDINU31EIW,Processing
SHIP0571,ORD0396,Pickup Point,2023-01-13,0YWM9Q7FTMFW,Out for Delivery
SHIP0572,ORD0148,,2023-01-14,TIO4M7PP0PNN,Out for Delivery
SHIP0573,ORD0727,Express Shipping,2023-01-31,XW6T1OXHFDXK,Delivered
SHIP0574,ORD0527,Same Day Delivery,2023-01-01,NYJ0UFO2HOQ5,Out for Delivery
SHIP0575,ORD0690,Standard Shipping,2023-01-03,,Processing
SHIP0576,ORD0219,Standard Shipping,2023-01-12,L6QMGK2F5FE6,Delivered
SHIP0577,ORD0117,Express Shipping,2023-01-30,1ENNGAY37VG6,Returned to Sender
SHIP0578,ORD0139,Same Day Delivery,2023-01-30,92Y8LZ8CV2A6,Shipped
SHIP0579,ORD0025,Express Shipping,2023-01-02,ZJ9MJ9XXLB57,
SHIP0580,ORD0480,Standard Shipping,2023-01-23,ZM242OM7ZTRJ,Returned to Sender
SHIP0581,ORD0132,Standard Shipping,2023-01-08,NF225AA35WFW,Out for Delivery
SHIP0582,ORD0143,Standard Shipping,2023-01-06,8A2IBCLTRH9V,In Transit
SHIP0583,ORD0081,Express Shipping,2023-01-09,T9ZZCGL9FWVV,In Transit
SHIP0583,ORD0081,Express Shipping,2023-01-09,T9ZZCGL9FWVV,In Transit
SHIP0584,ORD0697,Express Shipping,2023-01-03,R6C1PY6Q9YL1,Returned to Sender
SHIP0585,ORD0460,Same Day Delivery,2023-01-12,1L9GVBMQQ749,Out for Delivery
SHIP0586,ORD0143,Same Day Delivery,2023-01-28,OA2XGVGDOFMA,In Transit
SHIP0587,ORD0509,Express Shipping,2023-01-16,C8CLRKI72OAL,Returned to Sender
SHIP0588,ORD0351,Express Shipping,2023-01-12,RANI8Y66W6RK,In Transit
SHIP0589,ORD0235,Pickup Point,2023-01-08,IU6L5NFLTQ68,Processing
SHIP0590,ORD0061,Express Shipping,2023-01-21,,Delivered
SHIP0591,ORD0616,Express Shipping,2023-01-27,G7VKC5SSINZ4,Shipped
SHIP0592,ORD0475,Express Shipping,2023-01-15,TV1DJJZQFE8E,Delivered
SHIP0593,ORD0444,Same Day Delivery,2023-01-06,4BKUU5CZECCF,Returned to Sender
SHIP0594,ORD0071,Pickup Point,2023-01-02,XOF33QE6JIXU,Returned to Sender
SHIP0595,ORD0141,Overnight Delivery,2023-01-13,YA1RYZTBVHUA,Delivered
SHIP0596,ORD0008,Pickup Point,2023-01-10,NN41JH6OXQQ8,Out for Delivery
SHIP0597,ORD0211,Pickup Point,2023-01-24,3Y53MBWU5JSL,Shipped
SHIP0598,ORD0401,Express Shipping,2023-01-30,UK94IW54W487,Out for Delivery
SHIP0599,ORD0433,Overnight Delivery,2023-01-03,XKBEFQ796EW8,Out for Delivery
SHIP0600,ORD0709,Overnight Delivery,2023-01-01,R0FCYBR3O9UB,In Transit
SHIP0601,ORD0193,Same Day Delivery,2023-01-26,,Delivered
SHIP0602,ORD0049,Standard Shipping,2023-01-20,3TN60TLXOUN9,Shipped
SHIP0603,ORD0442,Overnight Delivery,2023-01-29,7XQTY6M79FMW,Delivered
SHIP0604,ORD0430,Pickup Point,2023-01-18,,Processing
SHIP0605,ORD0344,Overnight Delivery,2023-01-24,N7S3HMO1DXQ4,Shipped
SHIP0606,ORD0073,overnight delivery,2023-01-08,KHW8GAKH3YCQ,In Transit
SHIP0607,ORD0313,Pickup Point,2023-01-30,WBRBLBZ5NTDY,In Transit
SHIP0608,ORD0088,Pickup Point,2023-01-03,0Z7Q0I9BL14H,Processing
SHIP0609,ORD0070,Same Day Delivery,2023-01-09,N7XBVZR6KFKL,Shipped
INVALID,ORD0667,Same Day Delivery,2023-01-02,I5VRZ38EFE9V,
SHIP0611,ORD0723,Overnight Delivery,2023-01-21,PBPZCD5XRSI7,Processing
SHIP0612,ORD0383,SAME DAY DELIVERY,2023-01-03,XUEBHK0ONSAS,Delivered
SHIP0613,ORD0489,Express Shipping,2023-01-22,RDNWT2FES5CS,Delivered
SHIP0614,ORD0269,Same Day Delivery,2023-01-02,2AY7OV50EW25,Returned to Sender
SHIP0615,ORD0032,Pickup Point,2023-01-03,11BJKX9M4V74,Out for Delivery
SHIP0616,ORD0616,Pickup Point,2023-01-05,DRMSWJJJKSL6,Delivered
SHIP0617,ORD0287,Same Day Delivery,2023-01-22,16F1KYNTL2UG,In Transit
SHIP0618,ORD0661,Overnight Delivery,2023-01-08,Z7QMJCENTOC3,Out for Delivery
SHIP0619,ORD0204,Same Day Delivery,2023-01-21,VRNEGN2B4JTJ,Returned to Sender
SHIP0619,ORD0204,Same Day Delivery,2023-01-21,VRNEGN2B4JTJ,Returned to Sender
SHIP0620,ORD0347,OVERNIGHT DELIVERY,2023-01-10,IWUJT4FTLH33,Delivered
SHIP0621,ORD0277,Standard Shipping,2023-01-04,OIV67KAYP44Q,Processing
SHIP0622,ORD0390,,2023-01-25,5R2SLRW4VNZV,Out for Delivery
SHIP0623,ORD0363,Express Shipping,2023-01-23,IVQA7IZQ2NMN,Returned to Sender
SHIP0624,ORD0267,Express Shipping,2023-01-08,XV349N1D6DZB,In Transit
SHIP0625,ORD0235,Express Shipping,2023-01-17,5WU2550KQPGA,Delivered
SHIP0626,ORD0128,Pickup Point,2023-01-25,GTG2LGJ3S6OG,Shipped
SHIP0627,ORD0464,Standard Shipping,2023-01-23,X1CNAQ2YOTOS,Delivered
SHIP0628,ORD0533,Express Shipping,2023-01-17,EBC94E6NKAR1,Returned to Sender
SHIP0629,ORD0311,Express Shipping,2023-01-01,6JOZNHE8IFXD,In Transit
SHIP0630,ORD0365,Pickup Point,2023-01-16,,Out for Delivery
SHIP0630,ORD0365,Pickup Point,2023-01-16,,Out for Delivery
SHIP0631,ORD0104,Pickup Point,2023-01-09,SWNQMWMLN2V5,Out for Delivery
SHIP0632,ORD0068,Express Shipping,2023-01-30,LZ0WF1HWJHBA,Out for Delivery
SHIP0633,ORD0262,Express Shipping,2023-01-01,FB02H6FYEY3M,In Transit
SHIP0634,ORD0340,Overnight Delivery,2023-01-17,YZSKV6IARLSR,Out for Delivery
SHIP0635,ORD0564,Express Shipping,2023-01-29,QFDTN0PLCFR7,In Transit
SHIP0636,ORD0032,Overnight Delivery,2023-01-04,R97OHPII2MVV,PROCESSING
SHIP0637,ORD0502,Express Shipping,2023-01-02,,Shipped
SHIP0638,ORD0680,Standard Shipping,2023-01-06,LBU9W3GGO9DV,Delivered
SHIP0639,ORD0162,Pickup Point,2023-01-04,IKOMFRQ8LX3P,In Transit
SHIP0640,ORD0061,Standard Shipping,2023-01-05,QFC1YUZPEX7T,Returned to Sender
SHIP0641,ORD0067,,2023-01-27,JGRXOZLEL8PL,Delivered
SHIP0642,ORD0169,Same Day Delivery,2023-01-03,9F5IV86ZP1WZ,In Transit
SHIP0643,ORD0152,Pickup Point,2023-01-09,69WWP82QZTT1,
SHIP0644,ORD0065,Same Day Delivery,2023-01-30,5U74IJ643YUO,
SHIP0645,ORD0245,Same Day Delivery,2023-01-02,2J3TPS82XLVB,Shipped
SHIP0646,ORD0399,Overnight Delivery,2023-01-06,HYCX8AE0JXYO,Shipped
SHIP0647,ORD0706,Standard Shipping,2023-01-03,54AI2278EQE1,Out for Delivery
SHIP0648,ORD0094,Same Day Delivery,2023-01-26,806W819FMSYG,Returned to Sender
SHIP0649,ORD0522,Same Day Delivery,2023-01-07,WRVZ90472UQL,processing
SHIP0650,ORD0382,Same Day Delivery,2023-01-24,85D4VUEER90M,Processing
SHIP0651,ORD0040,Standard Shipping,2023-01-31,8EJNFMOCTCLK,
INVALID,ORD0141,Pickup Point,2023-01-20,NDJM5GH2IJ4T,Processing
SHIP0653,ORD0561,Standard Shipping,2023-01-29,7L5DL0ED8A6B,Out for Delivery
SHIP0654,ORD0083,Express Shipping,2023-01-21,ZD3Q0E03YIOY,Delivered
SHIP0655,ORD0217,Same Day Delivery,2023-01-07,KE9OUJW6ZJVA,Delivered
SHIP0656,ORD0123,Express Shipping,2023-01-05,IIBCO8JEAHDZ,In Transit
SHIP0657,ORD0334,Same Day Delivery,2023-01-22,JX4FOGX8IRJB,
SHIP0658,ORD0062,Pickup Point,2023-01-10,DKKG1R1CQKIH,Out for Delivery
SHIP0659,ORD0241,Same Day Delivery,2023-01-08,TXFJNJD5SLOC,Processing
SHIP0660,ORD0565,Pickup Point,2023-01-26,7W9A8LYTUAGD,Out for Delivery
SHIP0661,ORD0613,Overnight Delivery,2023-01-04,W6L4M1TRPUYD,Shipped
SHIP0662,ORD0106,Pickup Point,2023-01-15,HHNBAVEKVQHM,Processing
SHIP0663,ORD0247,,2023-01-23,G107R925DSIU,
SHIP0664,ORD0367,Pickup Point,2023-01-23,09UYG3IBG3HK,Out for Delivery
SHIP0665,ORD0639,Overnight Delivery,2023-01-27,FC6RANTY6D1H,Processing
SHIP0666,ORD0691,Pickup Point,2023-01-29,VLQ3VXHQG4QL,Returned to Sender
SHIP0667,ORD0475,Pickup Point,2023-01-04,EB0T4UOXZ3BG,Shipped
SHIP0668,ORD0548,Overnight Delivery,2023-01-17,JLEGP4H2HWSW,Returned to Sender
SHIP0669,ORD0347,,2023-01-25,,
SHIP0670,ORD0025,Standard Shipping,2023-01-03,13VCG8D2TN20,Returned to Sender
SHIP0671,ORD0659,Overnight Delivery,2023-01-09,TFYTKS1F3KWB,Processing
SHIP0672,ORD0252,Overnight Delivery,2023-01-03,STOUIFJILXN3,Out for Delivery
SHIP0673,ORD0247,Pickup Point,2023-01-18,M91284SEC275,delivered
INVALID,ORD0265,Express Shipping,2023-01-18,R7SN1TCJFCZW,Shipped
SHIP0675,ORD0022,Same Day Delivery,2023-01-25,N0THL2C53K9O,In Transit
SHIP0676,ORD0689,Pickup Point,2023-01-22,G50YQL25S8T6,
SHIP0677,ORD0712,Express Shipping,2023-01-27,L9Q3CYBYC4I6,In Transit
SHIP0678,ORD0743,Express Shipping,2023-01-26,DVSZ2TVHVWHH,In Transit
SHIP0679,ORD0085,Pickup Point,2023-01-25,1LOQSOT56AG3,Processing
SHIP0680,ORD0533,Express Shipping,2023-01-23,RZJK9E0OAWHN,Shipped
SHIP0681,ORD0652,Overnight Delivery,2023-01-04,IOR4V1OG07VS,Out for Delivery
SHIP0682,ORD0746,Pickup Point,2023-01-18,03W2MROP2BYE,Processing
SHIP0683,ORD0371,Pickup Point,2023-01-03,1NYC7H81JMBP,Out for Delivery
SHIP0684,ORD0147,Pickup Point,2023-01-27,0BI6ATQGKRYT,Shipped
SHIP0685,ORD0105,Same Day Delivery,2023-01-23,VBNUZ2KGA99U,Delivered
SHIP0686,ORD0385,Overnight Delivery,2023-01-27,VV0Y9Q6KTNN8,In Transit
SHIP0687,ORD0200,Express Shipping,2023-01-04,23KF8OU7OZ9R,Processing
SHIP0688,ORD0222,Express Shipping,2023-01-17,LX6X6SXUA3KA,Out for Delivery
SHIP0689,ORD0351,,2023-01-26,FVMYPJ2NNOC3,
SHIP0690,ORD0436,Express Shipping,2023-01-25,TU91JGJTI2LS,Processing
SHIP0690,ORD0436,Express Shipping,2023-01-25,TU91JGJTI2LS,Processing
SHIP0691,ORD0681,Same Day Delivery,2023-01-20,5CB41SCY3M84,
SHIP0692,ORD0287,Pickup Point,2023-01-03,LQ15S58XWBNW,Out for Delivery
SHIP0693,ORD0144,Same Day Delivery,2023-01-22,EA20RWRNBFZV,In Transit
SHIP0694,ORD0204,Express Shipping,2023-01-03,8LZGM8DTCA46,Processing
SHIP0695,ORD0523,Overnight Delivery,2023-01-05,T9NGQ6TLV0GU,
SHIP0696,ORD0096,Overnight Delivery,2023-01-02,HJDQDFQ2YGGA,Processing
SHIP0697,ORD0199,Same Day Delivery,2023-01-06,M32YP15I3IES,In Transit
SHIP0698,ORD0502,Pickup Point,2023-01-18,PY9QZO7IO2F2,Processing
SHIP0699,ORD0359,Express Shipping,2023-01-03,YXAM97YOFCX7,Delivered
SHIP0700,ORD0566,Overnight Delivery,2023-01-08,VKTAF6BLBV0X,Returned to Sender
SHIP0701,ORD0617,Pickup Point,2023-01-17,CDMWS81BXD7I,Out for Delivery
SHIP0702,ORD0627,Same Day Delivery,2023-01-25,WZXQVRT4UPR4,Shipped
SHIP0703,ORD0541,Pickup Point,2023-01-01,GWIBJB6M9NWY,Processing
SHIP0704,ORD0384,Express Shipping,2023-01-30,QOF3WGI8Y042,Shipped
SHIP0705,ORD0350,Overnight Delivery,2023-01-03,6G107G8O8G8H,In Transit
SHIP0706,ORD0514,Same Day Delivery,2023-01-12,8RJN4LV11KJA,Delivered
SHIP0707,ORD0116,Pickup Point,2023-01-16,H3MI2DNODKD3,Shipped
SHIP0708,ORD0534,Same Day Delivery,2023-01-15,B8J4ZXD82BMQ,Processing
SHIP0709,ORD0487,,2023-01-12,4S4MFEL33PCL,Delivered
SHIP0710,ORD0288,Express Shipping,2023-01-05,MM0YTMV82LZW,Shipped
SHIP0711,ORD0342,,2023-01-30,5B2NIXI8E553,in transit
SHIP0712,ORD0035,Same Day Delivery,2023-01-18,YKKSWNWZF8Y7,Returned to Sender
SHIP0713,ORD0133,PICKUP POINT,2023-01-24,7K8CH3Z3DE4E,Returned to Sender
SHIP0714,ORD0009,Pickup Point,2023-01-08,RHTMT1OZXGGM,In Transit
SHIP0715,ORD0581,Overnight Delivery,2023-01-05,S1YQ6T0OTGPE,Processing
SHIP0716,ORD0574,Express Shipping,2023-01-31,BGF86HOGDPL4,In Transit
SHIP0717,ORD0717,Pickup Point,2023-01-28,HULPRX05H3K7,In Transit
SHIP0718,ORD0120,Same Day Delivery,2023-01-20,4PGGCBI6QSRE,In Transit
SHIP0719,ORD0029,Standard Shipping,2023-01-05,O25TG5JTV75S,Delivered
SHIP0720,ORD0681,Express Shipping,2023-01-08,OC4191HKK7X3,Delivered
SHIP0721,ORD0743,Standard Shipping,2023-01-01,XG770XDHJ5SC,Processing
SHIP0722,ORD0620,Express Shipping,2023-01-13,,Shipped
SHIP0723,ORD0420,Express Shipping,2023-01-02,1YEND6BWBEM0,Out for Delivery
SHIP0724,ORD0582,Same Day Delivery,2023-01-11,AGXXKSF2GDAU,DELIVERED
SHIP0725,ORD0138,Overnight Delivery,2023-01-13,4VZN8Z4C0X2H,Delivered
SHIP0726,ORD0235,Standard Shipping,2023-01-05,PMLNL7HA752A,Processing
SHIP0727,ORD0062,pickup point,2023-01-02,ZDPVOE4T8DL8,Returned to Sender
SHIP0728,ORD0061,Pickup Point,2023-01-12,OR6XN6LCPY9N,Shipped
SHIP0729,ORD0471,standard shipping,2023-01-02,12SBA62TDO1D,Delivered
SHIP0730,ORD0110,Standard Shipping,2023-01-28,9ZQHBQIQICB5,Delivered
SHIP0731,ORD0202,,2023-01-19,M4YQZVRHUM92,Delivered
SHIP0732,ORD0449,Same Day Delivery,2023-01-29,3CVS3ZRB9OPL,Delivered
SHIP0733,ORD0477,Overnight Delivery,2023-01-02,,Delivered
SHIP0734,ORD0714,Overnight Delivery,2023-01-19,,Returned to Sender
SHIP0735,ORD0601,Pickup Point,2023-01-27,62TRICQPEOV0,Out for Delivery
SHIP0736,ORD0581,Express Shipping,2023-01-27,LG08YVU69QAZ,Shipped
SHIP0737,ORD0053,Pickup Point,2023-01-28,DBFXA2WD7772,Returned to Sender
SHIP0738,ORD0596,Express Shipping,2023-01-29,980TW87S3487,In Transit
SHIP0739,ORD0531,Express Shipping,2023-01-19,9N7TCATPLX3G,Delivered
SHIP0740,ORD0162,Same Day Delivery,2023-01-22,JFYUSQ1U97RW,Delivered
SHIP0741,ORD0433,Same Day Delivery,2023-01-02,TIRY3TI0M2Q2,Returned to Sender
SHIP0742,ORD0716,Pickup Point,2023-01-13,IJWAQLCAUDF9,Shipped
SHIP0743,ORD0584,Express Shipping,2023-01-09,TSW5EJR91QUP,Processing
SHIP0744,ORD0740,Pickup Point,2023-01-21,95ZDHZ6M9BJU,In Transit
SHIP0745,ORD0311,Overnight Delivery,2023-01-04,PX5ZJ2O4Q067,Delivered
SHIP0746,ORD0556,Standard Shipping,2023-01-28,3FJPO4DILGON,Out for Delivery
SHIP0747,ORD0406,Pickup Point,2023-01-15,SUY5LV92BEEV,Returned to Sender
SHIP0748,ORD0046,Standard Shipping,2023-01-16,YC3T13HLOZES,IN TRANSIT
SHIP0749,ORD0669,overnight delivery,2023-01-26,TUGKNN520UPR,Out for Delivery
SHIP0750,ORD0374,Same Day Delivery,2023-01-11,BQ818GSVPI2J,Out for Delivery
